obs_wl_vac(nm),ritz_wl_vac(nm),unc_ritz_wl,intens,Aki(s^-1),fik,S(a.u.),log_gf,Acc,Ei(eV),Ek(eV),conf_i,term_i,J_i,conf_k,term_k,J_k,g_i,g_k,Type,tp_ref,line_ref,column_23
"=""204.0""","=""""","=""""","=""""","=""""","=""""","=""""","=""""",,"=""""","=""""","=""""","=""""","=""""","=""""","=""""","=""""",1,1,,"=""""","=""L1614""",
"=""217.41""","=""217.1""","=""0.7""","=""*""","=""""","=""""","=""""","=""""",,"=""57.469""","=""63.180""","=""1s.2s.2p""","=""4P*""","=""5/2""","=""1s.2s.4s""","=""4S""","=""3/2""",6,4,,"=""""","=""L1560""",
"=""217.41""","=""217.1""","=""0.7""","=""*""","=""""","=""""","=""""","=""""",,"=""57.469""","=""63.180""","=""1s.2s.2p""","=""4P*""","=""3/2""","=""1s.2s.4s""","=""4S""","=""3/2""",4,4,,"=""""","=""L1560""",
"=""217.41""","=""217.1""","=""0.7""","=""*""","=""""","=""""","=""""","=""""",,"=""57.469""","=""63.180""","=""1s.2s.2p""","=""4P*""","=""1/2""","=""1s.2s.4s""","=""4S""","=""3/2""",2,4,,"=""""","=""L1560""",
"=""230.530""","=""230.5300""","=""0.0008""","=""*""","=""""","=""""","=""""","=""""",,"=""0.000000""","=""5.378225""","=""1s2.2s""","=""2S""","=""1/2""","=""1s2.32p""","=""2P*""","=""3/2""",2,4,,"=""""","=""L7397""",
"=""230.530""","=""230.5300""","=""0.0008""","=""*""","=""""","=""""","=""""","=""""",,"=""0.000000""","=""5.378225""","=""1s2.2s""","=""2S""","=""1/2""","=""1s2.32p""","=""2P*""","=""1/2""",2,2,,"=""""","=""L7397""",
"=""230.563""","=""230.5632""","=""0.0008""","=""*""","=""""","=""""","=""""","=""""",,"=""0.000000""","=""5.377450""","=""1s2.2s""","=""2S""","=""1/2""","=""1s2.31p""","=""2P*""","=""3/2""",2,4,,"=""""","=""L7397""",
"=""230.563""","=""230.5632""","=""0.0008""","=""*""","=""""","=""""","=""""","=""""",,"=""0.000000""","=""5.377450""","=""1s2.2s""","=""2S""","=""1/2""","=""1s2.31p""","=""2P*""","=""1/2""",2,2,,"=""""","=""L7397""",
"=""230.607""","=""230.6076""","=""0.0008""","=""*""","=""""","=""""","=""""","=""""",,"=""0.000000""","=""5.376415""","=""1s2.2s""","=""2S""","=""1/2""","=""1s2.30p""","=""2P*""","=""3/2""",2,4,,"=""""","=""L7397""",
"=""230.607""","=""230.6076""","=""0.0008""","=""*""","=""""","=""""","=""""","=""""",,"=""0.000000""","=""5.376415""","=""1s2.2s""","=""2S""","=""1/2""","=""1s2.30p""","=""2P*""","=""1/2""",2,2,,"=""""","=""L7397""",
"=""230.654""","=""230.6544""","=""0.0008""","=""*""","=""""","=""""","=""""","=""""",,"=""0.000000""","=""5.375324""","=""1s2.2s""","=""2S""","=""1/2""","=""1s2.29p""","=""2P*""","=""3/2""",2,4,,"=""""","=""L7397""",
"=""230.654""","=""230.6544""","=""0.0008""","=""*""","=""""","=""""","=""""","=""""",,"=""0.000000""","=""5.375324""","=""1s2.2s""","=""2S""","=""1/2""","=""1s2.29p""","=""2P*""","=""1/2""",2,2,,"=""""","=""L7397""",
"=""230.700""","=""230.6997""","=""0.0008""","=""*""","=""""","=""""","=""""","=""""",,"=""0.000000""","=""5.374267""","=""1s2.2s""","=""2S""","=""1/2""","=""1s2.28p""","=""2P*""","=""3/2""",2,4,,"=""""","=""L7397""",
"=""230.700""","=""230.6997""","=""0.0008""","=""*""","=""""","=""""","=""""","=""""",,"=""0.000000""","=""5.374267""","=""1s2.2s""","=""2S""","=""1/2""","=""1s2.28p""","=""2P*""","=""1/2""",2,2,,"=""""","=""L7397""",
"=""230.753""","=""230.7529""","=""0.0008""","=""*""","=""""","=""""","=""""","=""""",,"=""0.000000""","=""5.373029""","=""1s2.2s""","=""2S""","=""1/2""","=""1s2.27p""","=""2P*""","=""3/2""",2,4,,"=""""","=""L7397""",
"=""230.753""","=""230.7529""","=""0.0008""","=""*""","=""""","=""""","=""""","=""""",,"=""0.000000""","=""5.373029""","=""1s2.2s""","=""2S""","=""1/2""","=""1s2.27p""","=""2P*""","=""1/2""",2,2,,"=""""","=""L7397""",
"=""230.815""","=""230.8146""","=""0.0008""","=""*""","=""""","=""""","=""""","=""""",,"=""0.000000""","=""5.371592""","=""1s2.2s""","=""2S""","=""1/2""","=""1s2.26p""","=""2P*""","=""3/2""",2,4,,"=""""","=""L7397""",
"=""230.815""","=""230.8146""","=""0.0008""","=""*""","=""""","=""""","=""""","=""""",,"=""0.000000""","=""5.371592""","=""1s2.2s""","=""2S""","=""1/2""","=""1s2.26p""","=""2P*""","=""1/2""",2,2,,"=""""","=""L7397""",
"=""230.968""","=""230.9681""","=""0.0008""","=""*""","=""""","=""""","=""""","=""""",,"=""0.000000""","=""5.368024""","=""1s2.2s""","=""2S""","=""1/2""","=""1s2.24p""","=""2P*""","=""3/2""",2,4,,"=""""","=""L7397""",
"=""230.968""","=""230.9681""","=""0.0008""","=""*""","=""""","=""""","=""""","=""""",,"=""0.000000""","=""5.368024""","=""1s2.2s""","=""2S""","=""1/2""","=""1s2.24p""","=""2P*""","=""1/2""",2,2,,"=""""","=""L7397""",
"=""231.059""","=""231.0592""","=""0.0008""","=""*""","=""""","=""""","=""""","=""""",,"=""0.000000""","=""5.365907""","=""1s2.2s""","=""2S""","=""1/2""","=""1s2.23p""","=""2P*""","=""3/2""",2,4,,"=""""","=""L7397""",
"=""231.059""","=""231.0592""","=""0.0008""","=""*""","=""""","=""""","=""""","=""""",,"=""0.000000""","=""5.365907""","=""1s2.2s""","=""2S""","=""1/2""","=""1s2.23p""","=""2P*""","=""1/2""",2,2,,"=""""","=""L7397""",
"=""231.165""","=""231.1650""","=""0.0008""","=""*""","=""""","=""""","=""""","=""""",,"=""0.000000""","=""5.363450""","=""1s2.2s""","=""2S""","=""1/2""","=""1s2.22p""","=""2P*""","=""3/2""",2,4,,"=""""","=""L7397""",
"=""231.165""","=""231.1650""","=""0.0008""","=""*""","=""""","=""""","=""""","=""""",,"=""0.000000""","=""5.363450""","=""1s2.2s""","=""2S""","=""1/2""","=""1s2.22p""","=""2P*""","=""1/2""",2,2,,"=""""","=""L7397""",
"=""231.282""","=""231.2825""","=""0.0008""","=""*""","=""""","=""""","=""""","=""""",,"=""0.000000""","=""5.360725""","=""1s2.2s""","=""2S""","=""1/2""","=""1s2.21p""","=""2P*""","=""3/2""",2,4,,"=""""","=""L7397""",
"=""231.282""","=""231.2825""","=""0.0008""","=""*""","=""""","=""""","=""""","=""""",,"=""0.000000""","=""5.360725""","=""1s2.2s""","=""2S""","=""1/2""","=""1s2.21p""","=""2P*""","=""1/2""",2,2,,"=""""","=""L7397""",
"=""231.420""","=""231.4205""","=""0.0008""","=""*""","=""""","=""""","=""""","=""""",,"=""0.000000""","=""5.357530""","=""1s2.2s""","=""2S""","=""1/2""","=""1s2.20p""","=""2P*""","=""3/2""",2,4,,"=""""","=""L7397""",
"=""231.420""","=""231.4205""","=""0.0008""","=""*""","=""""","=""""","=""""","=""""",,"=""0.000000""","=""5.357530""","=""1s2.2s""","=""2S""","=""1/2""","=""1s2.20p""","=""2P*""","=""1/2""",2,2,,"=""""","=""L7397""",
"=""231.579""","=""231.5788""","=""0.0008""","=""*""","=""""","=""""","=""""","=""""",,"=""0.000000""","=""5.353866""","=""1s2.2s""","=""2S""","=""1/2""","=""1s2.19p""","=""2P*""","=""3/2""",2,4,,"=""""","=""L7397""",
"=""231.579""","=""231.5788""","=""0.0008""","=""*""","=""""","=""""","=""""","=""""",,"=""0.000000""","=""5.353866""","=""1s2.2s""","=""2S""","=""1/2""","=""1s2.19p""","=""2P*""","=""1/2""",2,2,,"=""""","=""L7397""",
"=""231.766""","=""231.7660""","=""0.0008""","=""*""","=""""","=""""","=""""","=""""",,"=""0.000000""","=""5.349541""","=""1s2.2s""","=""2S""","=""1/2""","=""1s2.18p""","=""2P*""","=""3/2""",2,4,,"=""""","=""L7397""",
"=""231.766""","=""231.7660""","=""0.0008""","=""*""","=""""","=""""","=""""","=""""",,"=""0.000000""","=""5.349541""","=""1s2.2s""","=""2S""","=""1/2""","=""1s2.18p""","=""2P*""","=""1/2""",2,2,,"=""""","=""L7397""",
"=""231.989""","=""231.9894""","=""0.0008""","=""*""","=""""","=""""","=""""","=""""",,"=""0.000000""","=""5.344391""","=""1s2.2s""","=""2S""","=""1/2""","=""1s2.17p""","=""2P*""","=""3/2""",2,4,,"=""""","=""L7397""",
"=""231.989""","=""231.9894""","=""0.0008""","=""*""","=""""","=""""","=""""","=""""",,"=""0.000000""","=""5.344391""","=""1s2.2s""","=""2S""","=""1/2""","=""1s2.17p""","=""2P*""","=""1/2""",2,2,,"=""""","=""L7397""",
"=""232.259""","=""232.2592""","=""0.0008""","=""*""","=""""","=""""","=""""","=""""",,"=""0.000000""","=""5.338182""","=""1s2.2s""","=""2S""","=""1/2""","=""1s2.16p""","=""2P*""","=""3/2""",2,4,,"=""""","=""L7397""",
"=""232.259""","=""232.2592""","=""0.0008""","=""*""","=""""","=""""","=""""","=""""",,"=""0.000000""","=""5.338182""","=""1s2.2s""","=""2S""","=""1/2""","=""1s2.16p""","=""2P*""","=""1/2""",2,2,,"=""""","=""L7397""",
"=""232.582""","=""232.5824""","=""0.0008""","=""*""","=""""","=""""","=""""","=""""",,"=""0.000000""","=""5.330764""","=""1s2.2s""","=""2S""","=""1/2""","=""1s2.15p""","=""2P*""","=""3/2""",2,4,,"=""""","=""L7397""",
"=""232.582""","=""232.5824""","=""0.0008""","=""*""","=""""","=""""","=""""","=""""",,"=""0.000000""","=""5.330764""","=""1s2.2s""","=""2S""","=""1/2""","=""1s2.15p""","=""2P*""","=""1/2""",2,2,,"=""""","=""L7397""",
"=""232.973""","=""232.9732""","=""0.0008""","=""*""","=""""","=""""","=""""","=""""",,"=""0.000000""","=""5.321822""","=""1s2.2s""","=""2S""","=""1/2""","=""1s2.14p""","=""2P*""","=""3/2""",2,4,,"=""""","=""L7397""",
"=""232.973""","=""232.9732""","=""0.0008""","=""*""","=""""","=""""","=""""","=""""",,"=""0.000000""","=""5.321822""","=""1s2.2s""","=""2S""","=""1/2""","=""1s2.14p""","=""2P*""","=""1/2""",2,2,,"=""""","=""L7397""",
"=""233.466""","=""233.4653""","=""0.0008""","=""*""","=""1.09e+05""","=""1.78e-04""","=""2.74e-03""","=""-3.448""",B',"=""0.000000""","=""5.310605""","=""1s2.2s""","=""2S""","=""1/2""","=""1s2.13p""","=""2P*""","=""3/2""",2,4,,"=""T117""","=""L7397""",
"=""233.466""","=""233.4653""","=""0.0008""","=""*""","=""1.09e+05""","=""8.91e-05""","=""1.37e-03""","=""-3.749""",B',"=""0.000000""","=""5.310605""","=""1s2.2s""","=""2S""","=""1/2""","=""1s2.13p""","=""2P*""","=""1/2""",2,2,,"=""T117""","=""L7397""",
"=""234.087""","=""234.0871""","=""0.0008""","=""*""","=""1.34e+05""","=""2.20e-04""","=""3.39e-03""","=""-3.356""",B',"=""0.000000""","=""5.296498""","=""1s2.2s""","=""2S""","=""1/2""","=""1s2.12p""","=""2P*""","=""3/2""",2,4,,"=""T117""","=""L7397""",
"=""234.087""","=""234.0871""","=""0.0008""","=""*""","=""1.34e+05""","=""1.10e-04""","=""1.70e-03""","=""-3.657""",B',"=""0.000000""","=""5.296498""","=""1s2.2s""","=""2S""","=""1/2""","=""1s2.12p""","=""2P*""","=""1/2""",2,2,,"=""T117""","=""L7397""",
"=""234.894""","=""234.912""","=""0.006""","=""*""","=""1.65e+05""","=""2.73e-04""","=""4.22e-03""","=""-3.263""",B',"=""0.000000""","=""5.27790""","=""1s2.2s""","=""2S""","=""1/2""","=""1s2.11p""","=""2P*""","=""3/2""",2,4,,"=""T117""","=""L7397""",
"=""234.894""","=""234.912""","=""0.006""","=""*""","=""1.65e+05""","=""1.37e-04""","=""2.11e-03""","=""-3.564""",B',"=""0.000000""","=""5.27790""","=""1s2.2s""","=""2S""","=""1/2""","=""1s2.11p""","=""2P*""","=""1/2""",2,2,,"=""T117""","=""L7397""",
"=""235.965""","=""235.9650""","=""0.0008""","=""*""","=""2.09e+05""","=""3.49e-04""","=""5.42e-03""","=""-3.156""",B',"=""0.000000""","=""5.254346""","=""1s2.2s""","=""2S""","=""1/2""","=""1s2.10p""","=""2P*""","=""3/2""",2,4,,"=""T117""","=""L7397""",
"=""235.965""","=""235.9650""","=""0.0008""","=""*""","=""2.09e+05""","=""1.74e-04""","=""2.71e-03""","=""-3.457""",B',"=""0.000000""","=""5.254346""","=""1s2.2s""","=""2S""","=""1/2""","=""1s2.10p""","=""2P*""","=""1/2""",2,2,,"=""T117""","=""L7397""",
"=""237.426""","=""237.4267""","=""0.0008""","=""*""","=""1.918e+05""","=""3.241e-04""","=""5.067e-03""","=""-3.1883""",AA,"=""0.000000""","=""5.222000""","=""1s2.2s""","=""2S""","=""1/2""","=""1s2.9p""","=""2P*""","=""3/2""",2,4,,"=""T6835""","=""L7397""",
"=""237.426""","=""237.4267""","=""0.0008""","=""*""","=""1.917e+05""","=""1.620e-04""","=""2.533e-03""","=""-3.4894""",AA,"=""0.000000""","=""5.222000""","=""1s2.2s""","=""2S""","=""1/2""","=""1s2.9p""","=""2P*""","=""1/2""",2,2,,"=""T6835""","=""L7397""",
"=""239.512""","=""239.5116""","=""0.0008""","=""1*""","=""2.664e+05""","=""4.582e-04""","=""7.226e-03""","=""-3.0379""",AA,"=""0.000000""","=""5.176542""","=""1s2.2s""","=""2S""","=""1/2""","=""1s2.8p""","=""2P*""","=""3/2""",2,4,,"=""T6835""","=""L7397""",
"=""239.512""","=""239.5116""","=""0.0008""","=""1*""","=""2.664e+05""","=""2.291e-04""","=""3.613e-03""","=""-3.3389""",AA,"=""0.000000""","=""5.176542""","=""1s2.2s""","=""2S""","=""1/2""","=""1s2.8p""","=""2P*""","=""1/2""",2,2,,"=""T6835""","=""L7397""",
"=""242.617""","=""242.6163""","=""0.0008""","=""3*""","=""3.824e+05""","=""6.748e-04""","=""1.078e-02""","=""-2.870""",AA,"=""0.000000""","=""5.110300""","=""1s2.2s""","=""2S""","=""1/2""","=""1s2.7p""","=""2P*""","=""3/2""",2,4,,"=""T6835""","=""L7397""",
"=""242.617""","=""242.6163""","=""0.0008""","=""3*""","=""3.822e+05""","=""3.373e-04""","=""5.388e-03""","=""-3.1710""",AA,"=""0.000000""","=""5.110300""","=""1s2.2s""","=""2S""","=""1/2""","=""1s2.7p""","=""2P*""","=""1/2""",2,2,,"=""T6835""","=""L7397""",
"=""246.09""","=""""","=""""","=""""","=""""","=""""","=""""","=""""",,"=""""","=""""","=""""","=""""","=""""","=""""","=""""","=""""",1,1,,"=""""","=""L1560""",
"=""247.581""","=""247.5809""","=""0.0009""","=""10*""","=""5.734e+05""","=""1.054e-03""","=""1.718e-02""","=""-2.6762""",AA,"=""0.000000""","=""5.007826""","=""1s2.2s""","=""2S""","=""1/2""","=""1s2.6p""","=""2P*""","=""3/2""",2,4,,"=""T6835""","=""L7397""",
"=""247.581""","=""247.5809""","=""0.0009""","=""10*""","=""5.734e+05""","=""5.269e-04""","=""8.589e-03""","=""-2.9772""",AA,"=""0.000000""","=""5.007826""","=""1s2.2s""","=""2S""","=""1/2""","=""1s2.6p""","=""2P*""","=""1/2""",2,2,,"=""T6835""","=""L7397""",
"=""251.9""","=""""","=""""","=""""","=""""","=""""","=""""","=""""",,"=""""","=""""","=""""","=""""","=""""","=""""","=""""","=""""",1,1,,"=""""","=""L1614""",
"=""256.308""","=""256.3080""","=""0.0009""","=""15*""","=""8.799e+05""","=""1.733e-03""","=""2.925e-02""","=""-2.4601""",AA,"=""0.000000""","=""4.837313""","=""1s2.2s""","=""2S""","=""1/2""","=""1s2.5p""","=""2P*""","=""3/2""",2,4,,"=""T6835""","=""L7397""",
"=""256.308""","=""256.3080""","=""0.0009""","=""15*""","=""9.001e+05""","=""8.865e-04""","=""1.496e-02""","=""-2.7513""",AA,"=""0.000000""","=""4.837313""","=""1s2.2s""","=""2S""","=""1/2""","=""1s2.5p""","=""2P*""","=""1/2""",2,2,,"=""T6835""","=""L7397""",
"=""274.201""","=""274.2014""","=""0.0011""","=""5*""","=""1.247e+06""","=""2.812e-03""","=""5.077e-02""","=""-2.2499""",AA,"=""0.000000""","=""4.521648""","=""1s2.2s""","=""2S""","=""1/2""","=""1s2.4p""","=""2P*""","=""3/2""",2,4,,"=""T6620LS""","=""L7397""",
"=""274.201""","=""274.2014""","=""0.0011""","=""5*""","=""1.248e+06""","=""1.406e-03""","=""2.539e-02""","=""-2.5509""",AA,"=""0.000000""","=""4.521648""","=""1s2.2s""","=""2S""","=""1/2""","=""1s2.4p""","=""2P*""","=""1/2""",2,2,,"=""T6620LS""","=""L7397""",
"=""280.2""","=""""","=""""","=""""","=""""","=""""","=""""","=""""",,"=""""","=""""","=""""","=""""","=""""","=""""","=""""","=""""",1,1,,"=""""","=""L1614""",
"=""284.7""","=""""","=""""","=""""","=""""","=""""","=""""","=""""",,"=""""","=""""","=""""","=""""","=""""","=""""","=""""","=""""",1,1,,"=""""","=""L1614""",
"=""286.9""","=""287.0""","=""1.2""","=""*""","=""""","=""""","=""""","=""""",,"=""60.807""","=""65.126""","=""1s.2p2""","=""4P""","=""5/2""","=""1s.2p.3d""","=""4D*""","=""7/2""",6,8,,"=""""","=""L1235,L3354""",
"=""286.9""","=""287.0""","=""1.2""","=""*""","=""""","=""""","=""""","=""""",,"=""60.807""","=""65.126""","=""1s.2p2""","=""4P""","=""5/2""","=""1s.2p.3d""","=""4D*""","=""5/2""",6,6,,"=""""","=""L1235,L3354""",
"=""286.9""","=""287.0""","=""1.2""","=""*""","=""""","=""""","=""""","=""""",,"=""60.807""","=""65.126""","=""1s.2p2""","=""4P""","=""5/2""","=""1s.2p.3d""","=""4D*""","=""3/2""",6,4,,"=""""","=""L1235,L3354""",
"=""286.9""","=""287.0""","=""1.2""","=""*""","=""""","=""""","=""""","=""""",,"=""60.807""","=""65.126""","=""1s.2p2""","=""4P""","=""3/2""","=""1s.2p.3d""","=""4D*""","=""5/2""",4,6,,"=""""","=""L1235,L3354""",
"=""286.9""","=""287.0""","=""1.2""","=""*""","=""""","=""""","=""""","=""""",,"=""60.807""","=""65.126""","=""1s.2p2""","=""4P""","=""3/2""","=""1s.2p.3d""","=""4D*""","=""3/2""",4,4,,"=""""","=""L1235,L3354""",
"=""286.9""","=""287.0""","=""1.2""","=""*""","=""""","=""""","=""""","=""""",,"=""60.807""","=""65.126""","=""1s.2p2""","=""4P""","=""3/2""","=""1s.2p.3d""","=""4D*""","=""1/2""",4,2,,"=""""","=""L1235,L3354""",
"=""286.9""","=""287.0""","=""1.2""","=""*""","=""""","=""""","=""""","=""""",,"=""60.807""","=""65.126""","=""1s.2p2""","=""4P""","=""1/2""","=""1s.2p.3d""","=""4D*""","=""3/2""",2,4,,"=""""","=""L1235,L3354""",
"=""286.9""","=""287.0""","=""1.2""","=""*""","=""""","=""""","=""""","=""""",,"=""60.807""","=""65.126""","=""1s.2p2""","=""4P""","=""1/2""","=""1s.2p.3d""","=""4D*""","=""1/2""",2,2,,"=""""","=""L1235,L3354""",
"=""289.6""","=""""","=""""","=""""","=""""","=""""","=""""","=""""",,"=""""","=""""","=""""","=""""","=""""","=""""","=""""","=""""",1,1,,"=""""","=""L1614""",
"=""296.9""","=""""","=""""","=""""","=""""","=""""","=""""","=""""",,"=""""","=""""","=""""","=""""","=""""","=""""","=""""","=""""",1,1,,"=""""","=""L1614""",
"=""314.5""","=""""","=""""","=""""","=""""","=""""","=""""","=""""",,"=""""","=""""","=""""","=""""","=""""","=""""","=""""","=""""",1,1,,"=""""","=""L1614""",
"=""323.359""","=""323.3590""","=""0.0015""","=""17*""","=""1.002e+06""","=""3.140e-03""","=""6.686e-02""","=""-2.2020""",AA,"=""0.000000""","=""3.834258""","=""1s2.2s""","=""2S""","=""1/2""","=""1s2.3p""","=""2P*""","=""3/2""",2,4,,"=""T7401LS""","=""L7397""",
"=""323.359""","=""323.3590""","=""0.0015""","=""17*""","=""1.002e+06""","=""1.570e-03""","=""3.343e-02""","=""-2.5030""",AA,"=""0.000000""","=""3.834258""","=""1s2.2s""","=""2S""","=""1/2""","=""1s2.3p""","=""2P*""","=""1/2""",2,2,,"=""T7401LS""","=""L7397""",
"=""348.9""","=""348.9""","=""1.7""","=""*""","=""""","=""""","=""""","=""""",,"=""61.319""","=""64.872""","=""1s.2s.3p""","=""4P*""","=""5/2""","=""1s.2p.3p""","=""4P""","=""5/2""",6,6,,"=""""","=""L1235,L3354""",
"=""348.9""","=""348.9""","=""1.7""","=""*""","=""""","=""""","=""""","=""""",,"=""61.319""","=""64.872""","=""1s.2s.3p""","=""4P*""","=""5/2""","=""1s.2p.3p""","=""4P""","=""3/2""",6,4,,"=""""","=""L1235,L3354""",
"=""348.9""","=""348.9""","=""1.7""","=""*""","=""""","=""""","=""""","=""""",,"=""61.319""","=""64.872""","=""1s.2s.3p""","=""4P*""","=""3/2""","=""1s.2p.3p""","=""4P""","=""5/2""",4,6,,"=""""","=""L1235,L3354""",
"=""348.9""","=""348.9""","=""1.7""","=""*""","=""""","=""""","=""""","=""""",,"=""61.319""","=""64.872""","=""1s.2s.3p""","=""4P*""","=""3/2""","=""1s.2p.3p""","=""4P""","=""3/2""",4,4,,"=""""","=""L1235,L3354""",
"=""348.9""","=""348.9""","=""1.7""","=""*""","=""""","=""""","=""""","=""""",,"=""61.319""","=""64.872""","=""1s.2s.3p""","=""4P*""","=""3/2""","=""1s.2p.3p""","=""4P""","=""1/2""",4,2,,"=""""","=""L1235,L3354""",
"=""348.9""","=""348.9""","=""1.7""","=""*""","=""""","=""""","=""""","=""""",,"=""61.319""","=""64.872""","=""1s.2s.3p""","=""4P*""","=""1/2""","=""1s.2p.3p""","=""4P""","=""3/2""",2,4,,"=""""","=""L1235,L3354""",
"=""348.9""","=""348.9""","=""1.7""","=""*""","=""""","=""""","=""""","=""""",,"=""61.319""","=""64.872""","=""1s.2s.3p""","=""4P*""","=""1/2""","=""1s.2p.3p""","=""4P""","=""1/2""",2,2,,"=""""","=""L1235,L3354""",
"=""358.08""","=""""","=""""","=""""","=""""","=""""","=""""","=""""",,"=""""","=""""","=""""","=""""","=""""","=""""","=""""","=""""",1,1,,"=""""","=""L1560""",
"=""361.9""","=""361.9""","=""1.9""","=""*""","=""""","=""""","=""""","=""""",,"=""60.807""","=""64.232""","=""1s.2p2""","=""4P""","=""5/2""","=""1s.2p.4s""","=""4P*""","=""5/2""",6,6,,"=""""","=""L1235,L3354""",
"=""361.9""","=""361.9""","=""1.9""","=""*""","=""""","=""""","=""""","=""""",,"=""60.807""","=""64.232""","=""1s.2p2""","=""4P""","=""5/2""","=""1s.2p.4s""","=""4P*""","=""3/2""",6,4,,"=""""","=""L1235,L3354""",
"=""361.9""","=""361.9""","=""1.9""","=""*""","=""""","=""""","=""""","=""""",,"=""60.807""","=""64.232""","=""1s.2p2""","=""4P""","=""3/2""","=""1s.2p.4s""","=""4P*""","=""5/2""",4,6,,"=""""","=""L1235,L3354""",
"=""361.9""","=""361.9""","=""1.9""","=""*""","=""""","=""""","=""""","=""""",,"=""60.807""","=""64.232""","=""1s.2p2""","=""4P""","=""3/2""","=""1s.2p.4s""","=""4P*""","=""3/2""",4,4,,"=""""","=""L1235,L3354""",
"=""361.9""","=""361.9""","=""1.9""","=""*""","=""""","=""""","=""""","=""""",,"=""60.807""","=""64.232""","=""1s.2p2""","=""4P""","=""3/2""","=""1s.2p.4s""","=""4P*""","=""1/2""",4,2,,"=""""","=""L1235,L3354""",
"=""361.9""","=""361.9""","=""1.9""","=""*""","=""""","=""""","=""""","=""""",,"=""60.807""","=""64.232""","=""1s.2p2""","=""4P""","=""1/2""","=""1s.2p.4s""","=""4P*""","=""3/2""",2,4,,"=""""","=""L1235,L3354""",
"=""361.9""","=""361.9""","=""1.9""","=""*""","=""""","=""""","=""""","=""""",,"=""60.807""","=""64.232""","=""1s.2p2""","=""4P""","=""1/2""","=""1s.2p.4s""","=""4P*""","=""1/2""",2,2,,"=""""","=""L1235,L3354""",
"=""366.3""","=""""","=""""","=""""","=""""","=""""","=""""","=""""",,"=""""","=""""","=""""","=""""","=""""","=""""","=""""","=""""",1,1,,"=""""","=""L1614""",
"=""""","=""367.274""","=""0.014""","=""""","=""1.399e+06""","=""5.657e-03""","=""1.368e-01""","=""-1.946""",AA,"=""1.847818""","=""5.22362""","=""1s2.2p""","=""2P*""","=""1/2""","=""1s2.9d""","=""2D""","=""3/2""",2,4,,"=""T6835LS""","=""""",
"=""""","=""367.278""","=""0.014""","=""""","=""2.797e+05""","=""5.657e-04""","=""2.736e-02""","=""-2.6454""",AA,"=""1.847860""","=""5.22362""","=""1s2.2p""","=""2P*""","=""3/2""","=""1s2.9d""","=""2D""","=""3/2""",4,4,,"=""T6835LS""","=""""",
"=""""","=""367.278""","=""0.014""","=""""","=""1.678e+06""","=""5.090e-03""","=""2.462e-01""","=""-1.6912""",AA,"=""1.847860""","=""5.22362""","=""1s2.2p""","=""2P*""","=""3/2""","=""1s2.9d""","=""2D""","=""5/2""",4,6,,"=""T6835LS""","=""""",
"=""371.98""","=""372.195""","=""0.014""","=""3*""","=""2.011e+06""","=""8.353e-03""","=""2.047e-01""","=""-1.7771""",AA,"=""1.847818""","=""5.17898""","=""1s2.2p""","=""2P*""","=""1/2""","=""1s2.8d""","=""2D""","=""3/2""",2,4,,"=""T6835LS""","=""L7397""",
"=""371.98""","=""372.200""","=""0.014""","=""3*""","=""2.413e+06""","=""7.518e-03""","=""3.685e-01""","=""-1.5218""",AA,"=""1.847860""","=""5.17898""","=""1s2.2p""","=""2P*""","=""3/2""","=""1s2.8d""","=""2D""","=""5/2""",4,6,,"=""T6835LS""","=""L7397""",
"=""371.98""","=""372.200""","=""0.014""","=""3*""","=""4.023e+05""","=""8.355e-04""","=""4.095e-02""","=""-2.4760""",AA,"=""1.847860""","=""5.17898""","=""1s2.2p""","=""2P*""","=""3/2""","=""1s2.8d""","=""2D""","=""3/2""",4,4,,"=""T6835LS""","=""L7397""",
"=""""","=""374.764""","=""0.014""","=""""","=""3.37e+05""","=""7.09e-04""","=""1.75e-02""","=""-2.848""",A,"=""1.847818""","=""5.15614""","=""1s2.2p""","=""2P*""","=""1/2""","=""1s2.8s""","=""2S""","=""1/2""",2,2,,"=""T5118LS""","=""""",
"=""""","=""374.769""","=""0.014""","=""""","=""6.76e+05""","=""7.11e-04""","=""3.51e-02""","=""-2.546""",A,"=""1.847860""","=""5.15614""","=""1s2.2p""","=""2P*""","=""3/2""","=""1s2.8s""","=""2S""","=""1/2""",4,2,,"=""T5118LS""","=""""",
"=""379.580""","=""379.610""","=""0.014""","=""6*""","=""3.041e+06""","=""1.314e-02""","=""3.284e-01""","=""-1.5804""",AA,"=""1.847818""","=""5.11391""","=""1s2.2p""","=""2P*""","=""1/2""","=""1s2.7d""","=""2D""","=""3/2""",2,4,,"=""T6835LS""","=""L7397""",
"=""379.580""","=""379.615""","=""0.014""","=""6*""","=""3.649e+06""","=""1.183e-02""","=""5.912e-01""","=""-1.3251""",AA,"=""1.847860""","=""5.11391""","=""1s2.2p""","=""2P*""","=""3/2""","=""1s2.7d""","=""2D""","=""5/2""",4,6,,"=""T6835LS""","=""L7397""",
"=""379.580""","=""379.615""","=""0.014""","=""6*""","=""6.082e+05""","=""1.314e-03""","=""6.569e-02""","=""-2.2793""",AA,"=""1.847860""","=""5.11391""","=""1s2.2p""","=""2P*""","=""3/2""","=""1s2.7d""","=""2D""","=""3/2""",4,4,,"=""T6835LS""","=""L7397""",
"=""""","=""383.667""","=""0.015""","=""""","=""5.18e+05""","=""1.14e-03""","=""2.89e-02""","=""-2.641""",A,"=""1.847818""","=""5.07937""","=""1s2.2p""","=""2P*""","=""1/2""","=""1s2.7s""","=""2S""","=""1/2""",2,2,,"=""T5118LS""","=""""",
"=""""","=""383.672""","=""0.015""","=""""","=""1.04e+06""","=""1.15e-03""","=""5.79e-02""","=""-2.339""",A,"=""1.847860""","=""5.07937""","=""1s2.2p""","=""2P*""","=""3/2""","=""1s2.7s""","=""2S""","=""1/2""",4,2,,"=""T5118LS""","=""""",
"=""391.641""","=""391.6401""","=""0.0022""","=""20""","=""4.964e+06""","=""2.283e-02""","=""5.887e-01""","=""-1.3405""",AA,"=""1.847818""","=""5.013587""","=""1s2.2p""","=""2P*""","=""1/2""","=""1s2.6d""","=""2D""","=""3/2""",2,4,,"=""T6835LS""","=""L7397""",
"=""391.646""","=""391.6451""","=""0.0022""","=""20*""","=""5.959e+06""","=""2.055e-02""","=""1.060e+00""","=""-1.085""",AA,"=""1.847860""","=""5.013589""","=""1s2.2p""","=""2P*""","=""3/2""","=""1s2.6d""","=""2D""","=""5/2""",4,6,,"=""T6835LS""","=""L7397""",
"=""391.646""","=""391.6453""","=""0.0022""","=""20*""","=""9.924e+05""","=""2.282e-03""","=""1.177e-01""","=""-2.040""",AA,"=""1.847860""","=""5.013587""","=""1s2.2p""","=""2P*""","=""3/2""","=""1s2.6d""","=""2D""","=""3/2""",4,4,,"=""T6835LS""","=""L7397""",
"=""398.661""","=""398.6608""","=""0.0022""","=""10""","=""8.62e+05""","=""2.05e-03""","=""5.39e-02""","=""-2.386""",A,"=""1.847818""","=""4.957835""","=""1s2.2p""","=""2P*""","=""1/2""","=""1s2.6s""","=""2S""","=""1/2""",2,2,,"=""T5118LS""","=""L7397""",
"=""398.667""","=""398.6662""","=""0.0022""","=""10""","=""1.73e+06""","=""2.06e-03""","=""1.08e-01""","=""-2.08""",A,"=""1.847860""","=""4.957835""","=""1s2.2p""","=""2P*""","=""3/2""","=""1s2.6s""","=""2S""","=""1/2""",4,2,,"=""T5118LS""","=""L7397""",
"=""413.373""","=""413.3723""","=""0.0024""","=""40""","=""9.04e+06""","=""4.63e-02""","=""1.26e+00""","=""-1.03""",A,"=""1.847818""","=""4.847154""","=""1s2.2p""","=""2P*""","=""1/2""","=""1s2.5d""","=""2D""","=""3/2""",2,4,,"=""T5118LS""","=""L7397""",
"=""413.379""","=""413.3779""","=""0.0024""","=""40*""","=""1.09e+07""","=""4.17e-02""","=""2.27e+00""","=""-0.778""",A,"=""1.847860""","=""4.847155""","=""1s2.2p""","=""2P*""","=""3/2""","=""1s2.5d""","=""2D""","=""5/2""",4,6,,"=""T5118LS""","=""L7397""",
"=""413.379""","=""413.3781""","=""0.0024""","=""40*""","=""1.81e+06""","=""4.63e-03""","=""2.52e-01""","=""-1.732""",A,"=""1.847860""","=""4.847154""","=""1s2.2p""","=""2P*""","=""3/2""","=""1s2.5d""","=""2D""","=""3/2""",4,4,,"=""T5118LS""","=""L7397""",
"=""419.7""","=""""","=""""","=""""","=""""","=""""","=""""","=""""",,"=""""","=""""","=""""","=""""","=""""","=""""","=""""","=""""",1,1,,"=""""","=""L1614""",
"=""427.427""","=""427.426""","=""0.003""","=""20""","=""1.58e+06""","=""4.34e-03""","=""1.22e-01""","=""-2.06""",A,"=""1.847818""","=""4.748533""","=""1s2.2p""","=""2P*""","=""1/2""","=""1s2.5s""","=""2S""","=""1/2""",2,2,,"=""T5118LS""","=""L7397""",
"=""427.433""","=""427.433""","=""0.003""","=""20""","=""3.17e+06""","=""4.33e-03""","=""2.44e-01""","=""-1.761""",A,"=""1.847860""","=""4.748533""","=""1s2.2p""","=""2P*""","=""3/2""","=""1s2.5s""","=""2S""","=""1/2""",4,2,,"=""T5118LS""","=""L7397""",
"=""460.412""","=""460.411""","=""0.003""","=""13""","=""1.935e+07""","=""1.230e-01""","=""3.729e+00""","=""-0.6090""",AA,"=""1.847818""","=""4.540720""","=""1s2.2p""","=""2P*""","=""1/2""","=""1s2.4d""","=""2D""","=""3/2""",2,4,,"=""T6620LS""","=""L7397""",
"=""460.418""","=""460.418""","=""0.003""","=""13*""","=""2.322e+07""","=""1.107e-01""","=""6.712e+00""","=""-0.3538""",AA,"=""1.847860""","=""4.540723""","=""1s2.2p""","=""2P*""","=""3/2""","=""1s2.4d""","=""2D""","=""5/2""",4,6,,"=""T6620LS""","=""L7397""",
"=""460.418""","=""460.418""","=""0.003""","=""13*""","=""3.871e+06""","=""1.230e-02""","=""7.458e-01""","=""-1.3080""",AA,"=""1.847860""","=""4.540720""","=""1s2.2p""","=""2P*""","=""3/2""","=""1s2.4d""","=""2D""","=""3/2""",4,4,,"=""T6620LS""","=""L7397""",
"=""476.1""","=""""","=""""","=""""","=""""","=""""","=""""","=""""",,"=""""","=""""","=""""","=""""","=""""","=""""","=""""","=""""",1,1,,"=""""","=""L1614""",
"=""497.305""","=""497.305""","=""0.003""","=""8""","=""3.460e+06""","=""1.283e-02""","=""4.200e-01""","=""-1.5908""",AA,"=""1.847818""","=""4.340942""","=""1s2.2p""","=""2P*""","=""1/2""","=""1s2.4s""","=""2S""","=""1/2""",2,2,,"=""T7401LS""","=""L7397""",
"=""497.314""","=""497.313""","=""0.003""","=""8""","=""6.919e+06""","=""1.283e-02""","=""8.400e-01""","=""-1.2898""",AA,"=""1.847860""","=""4.340942""","=""1s2.2p""","=""2P*""","=""3/2""","=""1s2.4s""","=""2S""","=""1/2""",4,2,,"=""T7401LS""","=""L7397""",
"=""527.2""","=""527""","=""4""","=""*""","=""""","=""""","=""""","=""""",,"=""62.773""","=""65.126""","=""1s.2s.3d""","=""4D""","=""7/2""","=""1s.2p.3d""","=""4D*""","=""7/2""",8,8,,"=""""","=""L1235,L3354""",
"=""527.2""","=""527""","=""4""","=""*""","=""""","=""""","=""""","=""""",,"=""62.773""","=""65.126""","=""1s.2s.3d""","=""4D""","=""7/2""","=""1s.2p.3d""","=""4D*""","=""5/2""",8,6,,"=""""","=""L1235,L3354""",
"=""527.2""","=""527""","=""4""","=""*""","=""""","=""""","=""""","=""""",,"=""62.773""","=""65.126""","=""1s.2s.3d""","=""4D""","=""5/2""","=""1s.2p.3d""","=""4D*""","=""7/2""",6,8,,"=""""","=""L1235,L3354""",
"=""527.2""","=""527""","=""4""","=""*""","=""""","=""""","=""""","=""""",,"=""62.773""","=""65.126""","=""1s.2s.3d""","=""4D""","=""5/2""","=""1s.2p.3d""","=""4D*""","=""5/2""",6,6,,"=""""","=""L1235,L3354""",
"=""527.2""","=""527""","=""4""","=""*""","=""""","=""""","=""""","=""""",,"=""62.773""","=""65.126""","=""1s.2s.3d""","=""4D""","=""5/2""","=""1s.2p.3d""","=""4D*""","=""3/2""",6,4,,"=""""","=""L1235,L3354""",
"=""527.2""","=""527""","=""4""","=""*""","=""""","=""""","=""""","=""""",,"=""62.773""","=""65.126""","=""1s.2s.3d""","=""4D""","=""3/2""","=""1s.2p.3d""","=""4D*""","=""5/2""",4,6,,"=""""","=""L1235,L3354""",
"=""527.2""","=""527""","=""4""","=""*""","=""""","=""""","=""""","=""""",,"=""62.773""","=""65.126""","=""1s.2s.3d""","=""4D""","=""3/2""","=""1s.2p.3d""","=""4D*""","=""3/2""",4,4,,"=""""","=""L1235,L3354""",
"=""527.2""","=""527""","=""4""","=""*""","=""""","=""""","=""""","=""""",,"=""62.773""","=""65.126""","=""1s.2s.3d""","=""4D""","=""3/2""","=""1s.2p.3d""","=""4D*""","=""1/2""",4,2,,"=""""","=""L1235,L3354""",
"=""527.2""","=""527""","=""4""","=""*""","=""""","=""""","=""""","=""""",,"=""62.773""","=""65.126""","=""1s.2s.3d""","=""4D""","=""1/2""","=""1s.2p.3d""","=""4D*""","=""3/2""",2,4,,"=""""","=""L1235,L3354""",
"=""527.2""","=""527""","=""4""","=""*""","=""""","=""""","=""""","=""""",,"=""62.773""","=""65.126""","=""1s.2s.3d""","=""4D""","=""1/2""","=""1s.2p.3d""","=""4D*""","=""1/2""",2,2,,"=""""","=""L1235,L3354""",
"=""531.6""","=""""","=""""","=""""","=""""","=""""","=""""","=""""",,"=""""","=""""","=""""","=""""","=""""","=""""","=""""","=""""",1,1,,"=""""","=""L1614""",
"=""539.6""","=""""","=""""","=""""","=""""","=""""","=""""","=""""",,"=""""","=""""","=""""","=""""","=""""","=""""","=""""","=""""",1,1,,"=""""","=""L1614""",
"=""544.2""","=""""","=""""","=""""","=""""","=""""","=""""","=""""",,"=""""","=""""","=""""","=""""","=""""","=""""","=""""","=""""",1,1,,"=""""","=""L1614""",
"=""610.523""","=""610.522""","=""0.005""","=""320""","=""5.7138e+07""","=""6.3858e-01""","=""2.5670e+01""","=""0.10625""",AAA,"=""1.847818""","=""3.878608""","=""1s2.2p""","=""2P*""","=""1/2""","=""1s2.3d""","=""2D""","=""3/2""",2,4,,"=""T6505LS""","=""L7397""",
"=""""","=""610.533""","=""0.005""","=""""","=""6.8562e+07""","=""5.7472e-01""","=""4.6206e+01""","=""0.36151""",AAA,"=""1.847860""","=""3.878613""","=""1s2.2p""","=""2P*""","=""3/2""","=""1s2.3d""","=""2D""","=""5/2""",4,6,,"=""T6505LS""","=""""",
"=""610.534""","=""610.535""","=""0.005""","=""320""","=""1.1427e+07""","=""6.3856e-02""","=""5.1339e+00""","=""-0.59274""",AAA,"=""1.847860""","=""3.878608""","=""1s2.2p""","=""2P*""","=""3/2""","=""1s2.3d""","=""2D""","=""3/2""",4,4,,"=""T6505LS""","=""L7397""",
"=""670.961""","=""670.961""","=""0.006""","=""3600""","=""3.6891e+07""","=""4.9797e-01""","=""2.1999e+01""","=""-0.00177""",AAA,"=""0.000000""","=""1.847860""","=""1s2.2s""","=""2S""","=""1/2""","=""1s2.2p""","=""2P*""","=""3/2""",2,4,,"=""T6505LS""","=""L7397""",
"=""670.976""","=""670.976""","=""0.006""","=""3600""","=""3.6890e+07""","=""2.4899e-01""","=""1.1000e+01""","=""-0.3028""",AAA,"=""0.000000""","=""1.847818""","=""1s2.2s""","=""2S""","=""1/2""","=""1s2.2p""","=""2P*""","=""1/2""",2,2,,"=""T6505LS""","=""L7397""",
"=""""","=""687.497""","=""0.007""","=""""","=""2.78e+04""","=""1.97e-04""","=""8.93e-03""","=""-3.404""",B,"=""3.373129""","=""5.176542""","=""1s2.3s""","=""2S""","=""1/2""","=""1s2.8p""","=""2P*""","=""1/2""",2,2,,"=""T5118LS""","=""""",
"=""""","=""687.497""","=""0.007""","=""""","=""2.79e+04""","=""3.95e-04""","=""1.79e-02""","=""-3.102""",B,"=""3.373129""","=""5.176542""","=""1s2.3s""","=""2S""","=""1/2""","=""1s2.8p""","=""2P*""","=""3/2""",2,4,,"=""T5118LS""","=""""",
"=""""","=""713.713""","=""0.007""","=""""","=""3.59e+04""","=""2.75e-04""","=""1.29e-02""","=""-3.26""",B,"=""3.373129""","=""5.110300""","=""1s2.3s""","=""2S""","=""1/2""","=""1s2.7p""","=""2P*""","=""1/2""",2,2,,"=""T5118LS""","=""""",
"=""""","=""713.713""","=""0.007""","=""""","=""3.61e+04""","=""5.51e-04""","=""2.59e-02""","=""-2.958""",B,"=""3.373129""","=""5.110300""","=""1s2.3s""","=""2S""","=""1/2""","=""1s2.7p""","=""2P*""","=""3/2""",2,4,,"=""T5118LS""","=""""",
"=""""","=""758.454""","=""0.008""","=""""","=""4.37e+04""","=""3.76e-04""","=""1.88e-02""","=""-3.123""",B,"=""3.373129""","=""5.007826""","=""1s2.3s""","=""2S""","=""1/2""","=""1s2.6p""","=""2P*""","=""1/2""",2,2,,"=""T5118LS""","=""""",
"=""""","=""758.454""","=""0.008""","=""""","=""4.38e+04""","=""7.55e-04""","=""3.77e-02""","=""-2.821""",B,"=""3.373129""","=""5.007826""","=""1s2.3s""","=""2S""","=""1/2""","=""1s2.6p""","=""2P*""","=""3/2""",2,4,,"=""T5118LS""","=""""",
"=""812.846""","=""812.846""","=""0.009""","=""48""","=""1.1156e+07""","=""1.1050e-01""","=""5.9142e+00""","=""-0.65559""",AAA,"=""1.847818""","=""3.373129""","=""1s2.2p""","=""2P*""","=""1/2""","=""1s2.3s""","=""2S""","=""1/2""",2,2,,"=""T7401LS""","=""L7397""",
"=""812.868""","=""812.868""","=""0.009""","=""48""","=""2.2309e+07""","=""1.1050e-01""","=""1.1828e+01""","=""-0.3546""",AAA,"=""1.847860""","=""3.373129""","=""1s2.2p""","=""2P*""","=""3/2""","=""1s2.3s""","=""2S""","=""1/2""",4,2,,"=""T7401LS""","=""L7397""",
"=""""","=""846.780""","=""0.010""","=""""","=""4.04e+04""","=""4.34e-04""","=""2.42e-02""","=""-3.061""",B,"=""3.373129""","=""4.837313""","=""1s2.3s""","=""2S""","=""1/2""","=""1s2.5p""","=""2P*""","=""1/2""",2,2,,"=""T5118LS""","=""""",
"=""""","=""846.780""","=""0.010""","=""""","=""4.04e+04""","=""8.68e-04""","=""4.84e-02""","=""-2.760""",B,"=""3.373129""","=""4.837313""","=""1s2.3s""","=""2S""","=""1/2""","=""1s2.5p""","=""2P*""","=""3/2""",2,4,,"=""T5118LS""","=""""",
"=""""","=""922.01""","=""0.09""","=""""","=""6.72e+05""","=""1.71e-02""","=""1.04e+00""","=""-1.47""",A,"=""3.834258""","=""5.17898""","=""1s2.3p""","=""2P*""","=""1/2""","=""1s2.8d""","=""2D""","=""3/2""",2,4,,"=""T5118LS""","=""""",
"=""""","=""922.01""","=""0.09""","=""""","=""1.35e+05""","=""1.72e-03""","=""2.09e-01""","=""-2.162""",A,"=""3.834258""","=""5.17898""","=""1s2.3p""","=""2P*""","=""3/2""","=""1s2.8d""","=""2D""","=""3/2""",4,4,,"=""T5118LS""","=""""",
"=""""","=""922.01""","=""0.09""","=""""","=""8.10e+05""","=""1.55e-02""","=""1.88e+00""","=""-1.208""",A,"=""3.834258""","=""5.17898""","=""1s2.3p""","=""2P*""","=""3/2""","=""1s2.8d""","=""2D""","=""5/2""",4,6,,"=""T5118LS""","=""""",
"=""""","=""937.93""","=""0.09""","=""""","=""1.84e+05""","=""2.43e-03""","=""1.50e-01""","=""-2.314""",B,"=""3.834258""","=""5.15614""","=""1s2.3p""","=""2P*""","=""1/2""","=""1s2.8s""","=""2S""","=""1/2""",2,2,,"=""T5118LS""","=""""",
"=""""","=""937.93""","=""0.09""","=""""","=""3.70e+05""","=""2.44e-03""","=""3.01e-01""","=""-2.011""",B,"=""3.834258""","=""5.15614""","=""1s2.3p""","=""2P*""","=""3/2""","=""1s2.8s""","=""2S""","=""1/2""",4,2,,"=""T5118LS""","=""""",
"=""""","=""955.242""","=""0.013""","=""""","=""4.57e+03""","=""6.25e-05""","=""7.86e-03""","=""-3.602""",B,"=""3.878608""","=""5.176542""","=""1s2.3d""","=""2D""","=""3/2""","=""1s2.8p""","=""2P*""","=""3/2""",4,4,,"=""T5118LS""","=""""",
"=""""","=""955.242""","=""0.013""","=""""","=""4.57e+04""","=""3.12e-04""","=""3.93e-02""","=""-2.903""",B,"=""3.878608""","=""5.176542""","=""1s2.3d""","=""2D""","=""3/2""","=""1s2.8p""","=""2P*""","=""1/2""",4,2,,"=""T5118LS""","=""""",
"=""""","=""955.246""","=""0.013""","=""""","=""4.11e+04""","=""3.75e-04""","=""7.07e-02""","=""-2.648""",B,"=""3.878613""","=""5.176542""","=""1s2.3d""","=""2D""","=""5/2""","=""1s2.8p""","=""2P*""","=""3/2""",6,4,,"=""T5118LS""","=""""",
"=""""","=""968.89""","=""0.09""","=""""","=""2.04e+05""","=""2.87e-03""","=""3.66e-01""","=""-1.940""",A,"=""3.834258""","=""5.11391""","=""1s2.3p""","=""2P*""","=""3/2""","=""1s2.7d""","=""2D""","=""3/2""",4,4,,"=""T5118LS""","=""""",
"=""""","=""968.89""","=""0.09""","=""""","=""1.23e+06""","=""2.59e-02""","=""3.30e+00""","=""-0.985""",A,"=""3.834258""","=""5.11391""","=""1s2.3p""","=""2P*""","=""3/2""","=""1s2.7d""","=""2D""","=""5/2""",4,6,,"=""T5118LS""","=""""",
"=""""","=""968.89""","=""0.09""","=""""","=""1.02e+06""","=""2.87e-02""","=""1.83e+00""","=""-1.241""",A,"=""3.834258""","=""5.11391""","=""1s2.3p""","=""2P*""","=""1/2""","=""1s2.7d""","=""2D""","=""3/2""",2,4,,"=""T5118LS""","=""""",
"=""""","=""995.77""","=""0.10""","=""""","=""2.87e+05""","=""4.27e-03""","=""2.80e-01""","=""-2.068""",B,"=""3.834258""","=""5.07937""","=""1s2.3p""","=""2P*""","=""1/2""","=""1s2.7s""","=""2S""","=""1/2""",2,2,,"=""T5118LS""","=""""",
"=""""","=""995.77""","=""0.10""","=""""","=""5.75e+05""","=""4.27e-03""","=""5.60e-01""","=""-1.767""",B,"=""3.834258""","=""5.07937""","=""1s2.3p""","=""2P*""","=""3/2""","=""1s2.7s""","=""2S""","=""1/2""",4,2,,"=""T5118LS""","=""""",
"=""""","=""1006.616""","=""0.014""","=""""","=""7.10e+03""","=""1.08e-04""","=""1.43e-02""","=""-3.365""",A,"=""3.878608""","=""5.110300""","=""1s2.3d""","=""2D""","=""3/2""","=""1s2.7p""","=""2P*""","=""3/2""",4,4,,"=""T5118LS""","=""""",
"=""""","=""1006.616""","=""0.014""","=""""","=""7.09e+04""","=""5.39e-04""","=""7.14e-02""","=""-2.667""",A,"=""3.878608""","=""5.110300""","=""1s2.3d""","=""2D""","=""3/2""","=""1s2.7p""","=""2P*""","=""1/2""",4,2,,"=""T5118LS""","=""""",
"=""""","=""1006.621""","=""0.014""","=""""","=""6.36e+04""","=""6.44e-04""","=""1.28e-01""","=""-2.41""",A,"=""3.878613""","=""5.110300""","=""1s2.3d""","=""2D""","=""5/2""","=""1s2.7p""","=""2P*""","=""3/2""",6,4,,"=""T5118LS""","=""""",
"=""""","=""1051.310""","=""0.016""","=""""","=""1.97e+06""","=""4.90e-02""","=""6.78e+00""","=""-0.708""",A,"=""3.834258""","=""5.013589""","=""1s2.3p""","=""2P*""","=""3/2""","=""1s2.6d""","=""2D""","=""5/2""",4,6,,"=""T5118LS""","=""""",
"=""""","=""1051.311""","=""0.016""","=""""","=""3.28e+05""","=""5.44e-03""","=""7.53e-01""","=""-1.662""",A,"=""3.834258""","=""5.013587""","=""1s2.3p""","=""2P*""","=""3/2""","=""1s2.6d""","=""2D""","=""3/2""",4,4,,"=""T5118LS""","=""""",
"=""""","=""1051.311""","=""0.016""","=""""","=""1.64e+06""","=""5.45e-02""","=""3.77e+00""","=""-0.963""",A,"=""3.834258""","=""5.013587""","=""1s2.3p""","=""2P*""","=""1/2""","=""1s2.6d""","=""2D""","=""3/2""",2,4,,"=""T5118LS""","=""""",
"=""""","=""1079.514""","=""0.016""","=""""","=""6.9e+02""","=""1.2e-05""","=""8.6e-04""","=""-4.62""",D,"=""3.373129""","=""4.521648""","=""1s2.3s""","=""2S""","=""1/2""","=""1s2.4p""","=""2P*""","=""1/2""",2,2,,"=""T6620,T5118,LS""","=""""",
"=""""","=""1079.514""","=""0.016""","=""""","=""6.8e+02""","=""2.4e-05""","=""1.7e-03""","=""-4.32""",D,"=""3.373129""","=""4.521648""","=""1s2.3s""","=""2S""","=""1/2""","=""1s2.4p""","=""2P*""","=""3/2""",2,4,,"=""T6620,T5118,LS""","=""""",
"=""""","=""1097.965""","=""0.017""","=""""","=""1.19e+04""","=""2.15e-04""","=""3.11e-02""","=""-3.065""",A,"=""3.878608""","=""5.007826""","=""1s2.3d""","=""2D""","=""3/2""","=""1s2.6p""","=""2P*""","=""3/2""",4,4,,"=""T5118LS""","=""""",
"=""""","=""1097.965""","=""0.017""","=""""","=""1.19e+05""","=""1.07e-03""","=""1.55e-01""","=""-2.368""",A,"=""3.878608""","=""5.007826""","=""1s2.3d""","=""2D""","=""3/2""","=""1s2.6p""","=""2P*""","=""1/2""",4,2,,"=""T5118LS""","=""""",
"=""""","=""1097.970""","=""0.017""","=""""","=""1.07e+05""","=""1.29e-03""","=""2.80e-01""","=""-2.111""",A,"=""3.878613""","=""5.007826""","=""1s2.3d""","=""2D""","=""5/2""","=""1s2.6p""","=""2P*""","=""3/2""",6,4,,"=""T5118LS""","=""""",
"=""""","=""1103.477""","=""0.017""","=""""","=""4.86e+05""","=""8.88e-03""","=""6.45e-01""","=""-1.751""",A,"=""3.834258""","=""4.957835""","=""1s2.3p""","=""2P*""","=""1/2""","=""1s2.6s""","=""2S""","=""1/2""",2,2,,"=""T5118LS""","=""""",
"=""""","=""1103.477""","=""0.017""","=""""","=""9.73e+05""","=""8.88e-03""","=""1.29e+00""","=""-1.45""",A,"=""3.834258""","=""4.957835""","=""1s2.3p""","=""2P*""","=""3/2""","=""1s2.6s""","=""2S""","=""1/2""",4,2,,"=""T5118LS""","=""""",
"=""1223.5""","=""1224.056""","=""0.021""","=""*""","=""3.48e+06""","=""1.17e-01""","=""1.89e+01""","=""-0.329""",A,"=""3.834258""","=""4.847155""","=""1s2.3p""","=""2P*""","=""3/2""","=""1s2.5d""","=""2D""","=""5/2""",4,6,,"=""T5118LS""","=""L7397""",
"=""1223.5""","=""1224.058""","=""0.021""","=""*""","=""5.81e+05""","=""1.30e-02""","=""2.10e+00""","=""-1.283""",A,"=""3.834258""","=""4.847154""","=""1s2.3p""","=""2P*""","=""3/2""","=""1s2.5d""","=""2D""","=""3/2""",4,4,,"=""T5118LS""","=""L7397""",
"=""1223.5""","=""1224.058""","=""0.021""","=""*""","=""2.90e+06""","=""1.30e-01""","=""1.05e+01""","=""-0.58""",A,"=""3.834258""","=""4.847154""","=""1s2.3p""","=""2P*""","=""1/2""","=""1s2.5d""","=""2D""","=""3/2""",2,4,,"=""T5118LS""","=""L7397""",
"=""1278.5""","=""1278.54""","=""0.16""","=""*""","=""4.274e+06""","=""1.571e-01""","=""2.645e+01""","=""-0.2018""",AA,"=""3.878608""","=""4.84834""","=""1s2.3d""","=""2D""","=""3/2""","=""1s2.5f""","=""2F*""","=""5/2""",4,6,,"=""T7409LS""","=""L7397""",
"=""1278.5""","=""1278.55""","=""0.16""","=""*""","=""4.578e+06""","=""1.496e-01""","=""3.778e+01""","=""-0.0469""",AA,"=""3.878613""","=""4.84834""","=""1s2.3d""","=""2D""","=""5/2""","=""1s2.5f""","=""2F*""","=""7/2""",6,8,,"=""T7409LS""","=""L7397""",
"=""1278.5""","=""1278.55""","=""0.16""","=""*""","=""3.052e+05""","=""7.480e-03""","=""1.889e+00""","=""-1.3480""",AA,"=""3.878613""","=""4.84834""","=""1s2.3d""","=""2D""","=""5/2""","=""1s2.5f""","=""2F*""","=""5/2""",6,6,,"=""T7409LS""","=""L7397""",
"=""""","=""1293.246""","=""0.024""","=""""","=""2.28e+04""","=""5.72e-04""","=""9.74e-02""","=""-2.641""",A,"=""3.878608""","=""4.837313""","=""1s2.3d""","=""2D""","=""3/2""","=""1s2.5p""","=""2P*""","=""3/2""",4,4,,"=""T5118LS""","=""""",
"=""""","=""1293.246""","=""0.024""","=""""","=""2.28e+05""","=""2.86e-03""","=""4.87e-01""","=""-1.942""",A,"=""3.878608""","=""4.837313""","=""1s2.3d""","=""2D""","=""3/2""","=""1s2.5p""","=""2P*""","=""1/2""",4,2,,"=""T5118LS""","=""""",
"=""""","=""1293.253""","=""0.024""","=""""","=""2.05e+05""","=""3.43e-03""","=""8.76e-01""","=""-1.687""",A,"=""3.878613""","=""4.837313""","=""1s2.3d""","=""2D""","=""5/2""","=""1s2.5p""","=""2P*""","=""3/2""",6,4,,"=""T5118LS""","=""""",
"=""1357.0""","=""1356.09""","=""0.03""","=""*""","=""1.89e+06""","=""2.60e-02""","=""4.65e+00""","=""-0.983""",A,"=""3.834258""","=""4.748533""","=""1s2.3p""","=""2P*""","=""3/2""","=""1s2.5s""","=""2S""","=""1/2""",4,2,,"=""T5118LS""","=""L7397""",
"=""1357.0""","=""1356.09""","=""0.03""","=""*""","=""9.41e+05""","=""2.60e-02""","=""2.32e+00""","=""-1.285""",A,"=""3.834258""","=""4.748533""","=""1s2.3p""","=""2P*""","=""1/2""","=""1s2.5s""","=""2S""","=""1/2""",2,2,,"=""T5118LS""","=""L7397""",
"=""""","=""1483.77""","=""0.03""","=""""","=""4.40e+03""","=""1.45e-04""","=""1.42e-02""","=""-3.537""",B,"=""4.340942""","=""5.176542""","=""1s2.4s""","=""2S""","=""1/2""","=""1s2.8p""","=""2P*""","=""1/2""",2,2,,"=""T5118LS""","=""""",
"=""""","=""1483.77""","=""0.03""","=""""","=""4.40e+03""","=""2.91e-04""","=""2.84e-02""","=""-3.236""",B,"=""4.340942""","=""5.176542""","=""1s2.4s""","=""2S""","=""1/2""","=""1s2.8p""","=""2P*""","=""3/2""",2,4,,"=""T5118LS""","=""""",
"=""""","=""1611.53""","=""0.04""","=""""","=""4.16e+03""","=""1.62e-04""","=""1.72e-02""","=""-3.489""",B,"=""4.340942""","=""5.110300""","=""1s2.4s""","=""2S""","=""1/2""","=""1s2.7p""","=""2P*""","=""1/2""",2,2,,"=""T5118LS""","=""""",
"=""""","=""1611.53""","=""0.04""","=""""","=""4.15e+03""","=""3.23e-04""","=""3.43e-02""","=""-3.189""",B,"=""4.340942""","=""5.110300""","=""1s2.4s""","=""2S""","=""1/2""","=""1s2.7p""","=""2P*""","=""3/2""",2,4,,"=""T5118LS""","=""""",
"=""1755.7""","=""1755.00""","=""0.04""","=""*""","=""6.783e+06""","=""4.702e-01""","=""1.087e+02""","=""0.274""",AA,"=""3.834258""","=""4.540723""","=""1s2.3p""","=""2P*""","=""3/2""","=""1s2.4d""","=""2D""","=""5/2""",4,6,,"=""T6620LS""","=""L7397""",
"=""1755.7""","=""1755.00""","=""0.04""","=""*""","=""5.652e+06""","=""5.224e-01""","=""6.039e+01""","=""0.0190""",AA,"=""3.834258""","=""4.540720""","=""1s2.3p""","=""2P*""","=""1/2""","=""1s2.4d""","=""2D""","=""3/2""",2,4,,"=""T6620LS""","=""L7397""",
"=""1755.7""","=""1755.00""","=""0.04""","=""*""","=""1.131e+06""","=""5.225e-02""","=""1.208e+01""","=""-0.680""",AA,"=""3.834258""","=""4.540720""","=""1s2.3p""","=""2P*""","=""3/2""","=""1s2.4d""","=""2D""","=""3/2""",4,4,,"=""T6620LS""","=""L7397""",
"=""""","=""1859.16""","=""0.05""","=""""","=""1.88e+03""","=""9.72e-05""","=""1.19e-02""","=""-3.71""",B,"=""4.340942""","=""5.007826""","=""1s2.4s""","=""2S""","=""1/2""","=""1s2.6p""","=""2P*""","=""1/2""",2,2,,"=""T5118LS""","=""""",
"=""""","=""1859.16""","=""0.05""","=""""","=""1.87e+03""","=""1.94e-04""","=""2.37e-02""","=""-3.412""",B,"=""4.340942""","=""5.007826""","=""1s2.4s""","=""2S""","=""1/2""","=""1s2.6p""","=""2P*""","=""3/2""",2,4,,"=""T5118LS""","=""""",
"=""1870.2""","=""1870.2""","=""0.4""","=""*""","=""1.383e+07""","=""9.669e-01""","=""3.572e+02""","=""0.7635""",AA,"=""3.878613""","=""4.54157""","=""1s2.3d""","=""2D""","=""5/2""","=""1s2.4f""","=""2F*""","=""7/2""",6,8,,"=""T7409LS""","=""L7397""",
"=""1870.2""","=""1870.2""","=""0.4""","=""*""","=""9.220e+05""","=""4.835e-02""","=""1.786e+01""","=""-0.5375""",AA,"=""3.878613""","=""4.54157""","=""1s2.3d""","=""2D""","=""5/2""","=""1s2.4f""","=""2F*""","=""5/2""",6,6,,"=""T7409LS""","=""L7397""",
"=""1870.2""","=""1870.2""","=""0.4""","=""*""","=""1.291e+07""","=""1.015e+00""","=""2.500e+02""","=""0.6086""",AA,"=""3.878608""","=""4.54157""","=""1s2.3d""","=""2D""","=""3/2""","=""1s2.4f""","=""2F*""","=""5/2""",4,6,,"=""T7409LS""","=""L7397""",
"=""""","=""1886.2""","=""0.4""","=""""","=""2.96e+05""","=""3.16e-02""","=""3.92e+00""","=""-1.200""",A,"=""4.521648""","=""5.17898""","=""1s2.4p""","=""2P*""","=""1/2""","=""1s2.8d""","=""2D""","=""3/2""",2,4,,"=""T5118LS""","=""""",
"=""""","=""1886.2""","=""0.4""","=""""","=""5.91e+04""","=""3.15e-03""","=""7.83e-01""","=""-1.899""",A,"=""4.521648""","=""5.17898""","=""1s2.4p""","=""2P*""","=""3/2""","=""1s2.8d""","=""2D""","=""3/2""",4,4,,"=""T5118LS""","=""""",
"=""""","=""1886.2""","=""0.4""","=""""","=""3.55e+05""","=""2.84e-02""","=""7.05e+00""","=""-0.945""",A,"=""4.521648""","=""5.17898""","=""1s2.4p""","=""2P*""","=""3/2""","=""1s2.8d""","=""2D""","=""5/2""",4,6,,"=""T5118LS""","=""""",
"=""1929.5""","=""1928.09""","=""0.05""","=""*""","=""5.363e+04""","=""2.993e-03""","=""7.606e-01""","=""-1.9218""",AA,"=""3.878608""","=""4.521648""","=""1s2.3d""","=""2D""","=""3/2""","=""1s2.4p""","=""2P*""","=""3/2""",4,4,,"=""T6620LS""","=""L7397""",
"=""1929.5""","=""1928.09""","=""0.05""","=""*""","=""5.363e+05""","=""1.497e-02""","=""3.803e+00""","=""-1.2228""",AA,"=""3.878608""","=""4.521648""","=""1s2.3d""","=""2D""","=""3/2""","=""1s2.4p""","=""2P*""","=""1/2""",4,2,,"=""T6620LS""","=""L7397""",
"=""1929.5""","=""1928.11""","=""0.05""","=""*""","=""4.826e+05""","=""1.796e-02""","=""6.845e+00""","=""-0.9676""",AA,"=""3.878613""","=""4.521648""","=""1s2.3d""","=""2D""","=""5/2""","=""1s2.4p""","=""2P*""","=""3/2""",6,4,,"=""T6620LS""","=""L7397""",
"=""""","=""1949.98""","=""0.05""","=""""","=""4.91e+03""","=""2.80e-04""","=""7.19e-02""","=""-2.951""",A,"=""4.540720""","=""5.176542""","=""1s2.4d""","=""2D""","=""3/2""","=""1s2.8p""","=""2P*""","=""3/2""",4,4,,"=""T5118LS""","=""""",
"=""""","=""1949.98""","=""0.05""","=""""","=""4.90e+04""","=""1.40e-03""","=""3.59e-01""","=""-2.252""",A,"=""4.540720""","=""5.176542""","=""1s2.4d""","=""2D""","=""3/2""","=""1s2.8p""","=""2P*""","=""1/2""",4,2,,"=""T5118LS""","=""""",
"=""""","=""1949.99""","=""0.05""","=""""","=""4.42e+04""","=""1.68e-03""","=""6.47e-01""","=""-1.997""",A,"=""4.540723""","=""5.176542""","=""1s2.4d""","=""2D""","=""5/2""","=""1s2.8p""","=""2P*""","=""3/2""",6,4,,"=""T5118LS""","=""""",
"=""""","=""1954.1""","=""0.4""","=""""","=""1.12e+05""","=""6.42e-03""","=""8.26e-01""","=""-1.891""",A,"=""4.521648""","=""5.15614""","=""1s2.4p""","=""2P*""","=""1/2""","=""1s2.8s""","=""2S""","=""1/2""",2,2,,"=""T5118LS""","=""""",
"=""""","=""1954.1""","=""0.4""","=""""","=""2.24e+05""","=""6.41e-03""","=""1.65e+00""","=""-1.591""",A,"=""4.521648""","=""5.15614""","=""1s2.4p""","=""2P*""","=""3/2""","=""1s2.8s""","=""2S""","=""1/2""",4,2,,"=""T5118LS""","=""""",
"=""""","=""2093.4""","=""0.4""","=""""","=""8.89e+04""","=""5.84e-03""","=""1.61e+00""","=""-1.631""",A,"=""4.521648""","=""5.11391""","=""1s2.4p""","=""2P*""","=""3/2""","=""1s2.7d""","=""2D""","=""3/2""",4,4,,"=""T5118LS""","=""""",
"=""""","=""2093.4""","=""0.4""","=""""","=""4.43e+05""","=""5.83e-02""","=""8.03e+00""","=""-0.934""",A,"=""4.521648""","=""5.11391""","=""1s2.4p""","=""2P*""","=""1/2""","=""1s2.7d""","=""2D""","=""3/2""",2,4,,"=""T5118LS""","=""""",
"=""""","=""2093.4""","=""0.4""","=""""","=""5.30e+05""","=""5.22e-02""","=""1.44e+01""","=""-0.680""",A,"=""4.521648""","=""5.11391""","=""1s2.4p""","=""2P*""","=""3/2""","=""1s2.7d""","=""2D""","=""5/2""",4,6,,"=""T5118LS""","=""""",
"=""""","=""2176.77""","=""0.07""","=""""","=""7.81e+03""","=""5.55e-04""","=""1.59e-01""","=""-2.654""",A,"=""4.540720""","=""5.110300""","=""1s2.4d""","=""2D""","=""3/2""","=""1s2.7p""","=""2P*""","=""3/2""",4,4,,"=""T5118LS""","=""""",
"=""""","=""2176.77""","=""0.07""","=""""","=""7.81e+04""","=""2.77e-03""","=""7.95e-01""","=""-1.955""",A,"=""4.540720""","=""5.110300""","=""1s2.4d""","=""2D""","=""3/2""","=""1s2.7p""","=""2P*""","=""1/2""",4,2,,"=""T5118LS""","=""""",
"=""""","=""2176.78""","=""0.07""","=""""","=""7.02e+04""","=""3.33e-03""","=""1.43e+00""","=""-1.700""",A,"=""4.540723""","=""5.110300""","=""1s2.4d""","=""2D""","=""5/2""","=""1s2.7p""","=""2P*""","=""3/2""",6,4,,"=""T5118LS""","=""""",
"=""""","=""2223.0""","=""0.5""","=""""","=""3.58e+05""","=""1.33e-02""","=""3.88e+00""","=""-1.276""",A,"=""4.521648""","=""5.07937""","=""1s2.4p""","=""2P*""","=""3/2""","=""1s2.7s""","=""2S""","=""1/2""",4,2,,"=""T5118LS""","=""""",
"=""""","=""2223.0""","=""0.5""","=""""","=""1.79e+05""","=""1.33e-02""","=""1.94e+00""","=""-1.577""",A,"=""4.521648""","=""5.07937""","=""1s2.4p""","=""2P*""","=""1/2""","=""1s2.7s""","=""2S""","=""1/2""",2,2,,"=""T5118LS""","=""""",
"=""2447.37""","=""2446.97""","=""0.08""","=""*""","=""4.966e+06""","=""2.230e-01""","=""7.186e+01""","=""-0.0497""",AA,"=""3.834258""","=""4.340942""","=""1s2.3p""","=""2P*""","=""3/2""","=""1s2.4s""","=""2S""","=""1/2""",4,2,,"=""T7401LS""","=""L7397""",
"=""2447.37""","=""2446.97""","=""0.08""","=""*""","=""2.483e+06""","=""2.230e-01""","=""3.593e+01""","=""-0.3507""",AA,"=""3.834258""","=""4.340942""","=""1s2.3p""","=""2P*""","=""1/2""","=""1s2.4s""","=""2S""","=""1/2""",2,2,,"=""T7401LS""","=""L7397""",
"=""""","=""2497.81""","=""0.09""","=""""","=""3.39e+03""","=""3.17e-04""","=""5.22e-02""","=""-3.197""",B,"=""4.340942""","=""4.837313""","=""1s2.4s""","=""2S""","=""1/2""","=""1s2.5p""","=""2P*""","=""1/2""",2,2,,"=""T5118LS""","=""""",
"=""""","=""2497.81""","=""0.09""","=""""","=""3.38e+03""","=""6.32e-04""","=""1.04e-01""","=""-2.90""",B,"=""4.340942""","=""4.837313""","=""1s2.4s""","=""2S""","=""1/2""","=""1s2.5p""","=""2P*""","=""3/2""",2,4,,"=""T5118LS""","=""""",
"=""""","=""2520.31""","=""0.09""","=""""","=""1.40e+05""","=""1.33e-02""","=""4.42e+00""","=""-1.274""",A,"=""4.521648""","=""5.013587""","=""1s2.4p""","=""2P*""","=""3/2""","=""1s2.6d""","=""2D""","=""3/2""",4,4,,"=""T5118LS""","=""""",
"=""""","=""2520.31""","=""0.09""","=""""","=""6.99e+05""","=""1.33e-01""","=""2.21e+01""","=""-0.575""",A,"=""4.521648""","=""5.013587""","=""1s2.4p""","=""2P*""","=""1/2""","=""1s2.6d""","=""2D""","=""3/2""",2,4,,"=""T5118LS""","=""""",
"=""""","=""2520.31""","=""0.09""","=""""","=""8.37e+05""","=""1.20e-01""","=""3.97e+01""","=""-0.320""",A,"=""4.521648""","=""5.013589""","=""1s2.4p""","=""2P*""","=""3/2""","=""1s2.6d""","=""2D""","=""5/2""",4,6,,"=""T5118LS""","=""""",
"=""""","=""2626.7""","=""0.7""","=""""","=""1.19e+03""","=""1.23e-04""","=""6.39e-02""","=""-3.132""",B',"=""4.54157""","=""5.013589""","=""1s2.4f""","=""2F*""","=""5/2""","=""1s2.6d""","=""2D""","=""5/2""",6,6,,"=""T1115CA""","=""""",
"=""""","=""2626.7""","=""0.7""","=""""","=""2.50e+04""","=""1.72e-03""","=""8.94e-01""","=""-1.985""",B',"=""4.54157""","=""5.013587""","=""1s2.4f""","=""2F*""","=""5/2""","=""1s2.6d""","=""2D""","=""3/2""",6,4,,"=""T1115CA""","=""""",
"=""""","=""2626.7""","=""0.7""","=""""","=""2.38e+04""","=""1.85e-03""","=""1.28e+00""","=""-1.831""",B',"=""4.54157""","=""5.013589""","=""1s2.4f""","=""2F*""","=""7/2""","=""1s2.6d""","=""2D""","=""5/2""",8,6,,"=""T1115CA""","=""""",
"=""""","=""2654.31""","=""0.10""","=""""","=""1.37e+04""","=""1.44e-03""","=""5.04e-01""","=""-2.239""",A,"=""4.540720""","=""5.007826""","=""1s2.4d""","=""2D""","=""3/2""","=""1s2.6p""","=""2P*""","=""3/2""",4,4,,"=""T5118LS""","=""""",
"=""""","=""2654.31""","=""0.10""","=""""","=""1.37e+05""","=""7.21e-03""","=""2.52e+00""","=""-1.540""",A,"=""4.540720""","=""5.007826""","=""1s2.4d""","=""2D""","=""3/2""","=""1s2.6p""","=""2P*""","=""1/2""",4,2,,"=""T5118LS""","=""""",
"=""""","=""2654.32""","=""0.10""","=""""","=""1.23e+05""","=""8.64e-03""","=""4.53e+00""","=""-1.285""",A,"=""4.540723""","=""5.007826""","=""1s2.4d""","=""2D""","=""5/2""","=""1s2.6p""","=""2P*""","=""3/2""",6,4,,"=""T5118LS""","=""""",
"=""""","=""2688.71""","=""0.10""","=""""","=""3.738e+06""","=""4.051e-01""","=""7.172e+01""","=""-0.0914""",AA,"=""3.373129""","=""3.834258""","=""1s2.3s""","=""2S""","=""1/2""","=""1s2.3p""","=""2P*""","=""1/2""",2,2,,"=""T7401LS""","=""""",
"=""""","=""2688.71""","=""0.10""","=""""","=""3.737e+06""","=""8.100e-01""","=""1.434e+02""","=""0.2095""",AA,"=""3.373129""","=""3.834258""","=""1s2.3s""","=""2S""","=""1/2""","=""1s2.3p""","=""2P*""","=""3/2""",2,4,,"=""T7401LS""","=""""",
"=""""","=""2842.45""","=""0.11""","=""""","=""3.19e+05""","=""3.87e-02""","=""7.24e+00""","=""-1.111""",A,"=""4.521648""","=""4.957835""","=""1s2.4p""","=""2P*""","=""1/2""","=""1s2.6s""","=""2S""","=""1/2""",2,2,,"=""T5118LS""","=""""",
"=""""","=""2842.45""","=""0.11""","=""""","=""6.40e+05""","=""3.87e-02""","=""1.45e+01""","=""-0.810""",A,"=""4.521648""","=""4.957835""","=""1s2.4p""","=""2P*""","=""3/2""","=""1s2.6s""","=""2S""","=""1/2""",4,2,,"=""T5118LS""","=""""",
"=""""","=""2896.76""","=""0.12""","=""""","=""4.63e+02""","=""5.82e-05""","=""1.11e-02""","=""-3.93""",B,"=""4.748533""","=""5.176542""","=""1s2.5s""","=""2S""","=""1/2""","=""1s2.8p""","=""2P*""","=""1/2""",2,2,,"=""T5118LS""","=""""",
"=""""","=""2896.76""","=""0.12""","=""""","=""4.63e+02""","=""1.16e-04""","=""2.22e-02""","=""-3.633""",B,"=""4.748533""","=""5.176542""","=""1s2.5s""","=""2S""","=""1/2""","=""1s2.8p""","=""2P*""","=""3/2""",2,4,,"=""T5118LS""","=""""",
"=""""","=""3628.8""","=""1.3""","=""""","=""3.10e+04""","=""6.11e-03""","=""2.92e+00""","=""-1.612""",A,"=""4.837313""","=""5.17898""","=""1s2.5p""","=""2P*""","=""3/2""","=""1s2.8d""","=""2D""","=""3/2""",4,4,,"=""T5118LS""","=""""",
"=""""","=""3628.8""","=""1.3""","=""""","=""1.55e+05""","=""6.11e-02""","=""1.46e+01""","=""-0.913""",A,"=""4.837313""","=""5.17898""","=""1s2.5p""","=""2P*""","=""1/2""","=""1s2.8d""","=""2D""","=""3/2""",2,4,,"=""T5118LS""","=""""",
"=""""","=""3628.8""","=""1.3""","=""""","=""1.86e+05""","=""5.50e-02""","=""2.63e+01""","=""-0.657""",A,"=""4.837313""","=""5.17898""","=""1s2.5p""","=""2P*""","=""3/2""","=""1s2.8d""","=""2D""","=""5/2""",4,6,,"=""T5118LS""","=""""",
"=""""","=""3764.07""","=""0.20""","=""""","=""4.54e+03""","=""9.64e-04""","=""4.78e-01""","=""-2.414""",A,"=""4.847154""","=""5.176542""","=""1s2.5d""","=""2D""","=""3/2""","=""1s2.8p""","=""2P*""","=""3/2""",4,4,,"=""T5118LS""","=""""",
"=""""","=""3764.07""","=""0.20""","=""""","=""4.54e+04""","=""4.82e-03""","=""2.39e+00""","=""-1.715""",A,"=""4.847154""","=""5.176542""","=""1s2.5d""","=""2D""","=""3/2""","=""1s2.8p""","=""2P*""","=""1/2""",4,2,,"=""T5118LS""","=""""",
"=""""","=""3764.08""","=""0.20""","=""""","=""4.08e+04""","=""5.78e-03""","=""4.30e+00""","=""-1.460""",A,"=""4.847155""","=""5.176542""","=""1s2.5d""","=""2D""","=""5/2""","=""1s2.8p""","=""2P*""","=""3/2""",6,4,,"=""T5118LS""","=""""",
"=""""","=""3808.96""","=""0.21""","=""""","=""1.36e+06""","=""4.45e-01""","=""2.23e+02""","=""0.250""",A,"=""4.521648""","=""4.847155""","=""1s2.4p""","=""2P*""","=""3/2""","=""1s2.5d""","=""2D""","=""5/2""",4,6,,"=""T5118LS""","=""""",
"=""""","=""3808.97""","=""0.21""","=""""","=""2.27e+05""","=""4.94e-02""","=""2.48e+01""","=""-0.704""",A,"=""4.521648""","=""4.847154""","=""1s2.4p""","=""2P*""","=""3/2""","=""1s2.5d""","=""2D""","=""3/2""",4,4,,"=""T5118LS""","=""""",
"=""""","=""3808.97""","=""0.21""","=""""","=""1.14e+06""","=""4.94e-01""","=""1.24e+02""","=""-0.005""",A,"=""4.521648""","=""4.847154""","=""1s2.4p""","=""2P*""","=""1/2""","=""1s2.5d""","=""2D""","=""3/2""",2,4,,"=""T5118LS""","=""""",
"=""""","=""3888.7""","=""1.5""","=""""","=""1.55e+05""","=""1.75e-02""","=""8.97e+00""","=""-1.154""",A,"=""4.837313""","=""5.15614""","=""1s2.5p""","=""2P*""","=""3/2""","=""1s2.8s""","=""2S""","=""1/2""",4,2,,"=""T5118LS""","=""""",
"=""""","=""3888.7""","=""1.5""","=""""","=""7.72e+04""","=""1.75e-02""","=""4.48e+00""","=""-1.456""",A,"=""4.837313""","=""5.15614""","=""1s2.5p""","=""2P*""","=""1/2""","=""1s2.8s""","=""2S""","=""1/2""",2,2,,"=""T5118LS""","=""""",
"=""""","=""4030.4""","=""1.6""","=""""","=""2.41e+06""","=""8.80e-01""","=""4.67e+02""","=""0.547""",B',"=""4.540720""","=""4.84834""","=""1s2.4d""","=""2D""","=""3/2""","=""1s2.5f""","=""2F*""","=""5/2""",4,6,,"=""T1115CA""","=""""",
"=""""","=""4030.5""","=""1.6""","=""""","=""1.72e+05""","=""4.19e-02""","=""3.33e+01""","=""-0.600""",B',"=""4.540723""","=""4.84834""","=""1s2.4d""","=""2D""","=""5/2""","=""1s2.5f""","=""2F*""","=""5/2""",6,6,,"=""T1115CA""","=""""",
"=""""","=""4030.5""","=""1.6""","=""""","=""2.58e+06""","=""8.38e-01""","=""6.67e+02""","=""0.701""",B',"=""4.540723""","=""4.84834""","=""1s2.4d""","=""2D""","=""5/2""","=""1s2.5f""","=""2F*""","=""7/2""",6,8,,"=""T1115CA""","=""""",
"=""4048.6""","=""""","=""""","=""""","=""""","=""""","=""""","=""""",,"=""""","=""""","=""""","=""""","=""""","=""""","=""""","=""""",1,1,,"=""""","=""L7397""",
"=""""","=""4057.2""","=""1.7""","=""""","=""2.49e+03""","=""6.14e-04""","=""4.92e-01""","=""-2.433""",B',"=""4.54157""","=""4.847155""","=""1s2.4f""","=""2F*""","=""5/2""","=""1s2.5d""","=""2D""","=""5/2""",6,6,,"=""T1115CA""","=""""",
"=""""","=""4057.2""","=""1.7""","=""""","=""5.23e+04""","=""8.60e-03""","=""6.90e+00""","=""-1.287""",B',"=""4.54157""","=""4.847154""","=""1s2.4f""","=""2F*""","=""5/2""","=""1s2.5d""","=""2D""","=""3/2""",6,4,,"=""T1115CA""","=""""",
"=""""","=""4057.2""","=""1.7""","=""""","=""4.98e+04""","=""9.22e-03""","=""9.85e+00""","=""-1.132""",B',"=""4.54157""","=""4.847155""","=""1s2.4f""","=""2F*""","=""7/2""","=""1s2.5d""","=""2D""","=""5/2""",8,6,,"=""T1115CA""","=""""",
"=""""","=""4180.29""","=""0.25""","=""""","=""2.77e+04""","=""7.25e-03""","=""3.99e+00""","=""-1.538""",A,"=""4.540720""","=""4.837313""","=""1s2.4d""","=""2D""","=""3/2""","=""1s2.5p""","=""2P*""","=""3/2""",4,4,,"=""T5118LS""","=""""",
"=""""","=""4180.29""","=""0.25""","=""""","=""2.76e+05""","=""3.62e-02""","=""1.99e+01""","=""-0.840""",A,"=""4.540720""","=""4.837313""","=""1s2.4d""","=""2D""","=""3/2""","=""1s2.5p""","=""2P*""","=""1/2""",4,2,,"=""T5118LS""","=""""",
"=""""","=""4180.32""","=""0.25""","=""""","=""2.49e+05""","=""4.35e-02""","=""3.59e+01""","=""-0.584""",A,"=""4.540723""","=""4.837313""","=""1s2.4d""","=""2D""","=""5/2""","=""1s2.5p""","=""2P*""","=""3/2""",6,4,,"=""T5118LS""","=""""",
"=""""","=""4482.4""","=""2.0""","=""""","=""4.53e+04""","=""1.37e-02""","=""8.06e+00""","=""-1.263""",A,"=""4.837313""","=""5.11391""","=""1s2.5p""","=""2P*""","=""3/2""","=""1s2.7d""","=""2D""","=""3/2""",4,4,,"=""T5118LS""","=""""",
"=""""","=""4482.4""","=""2.0""","=""""","=""2.27e+05""","=""1.37e-01""","=""4.03e+01""","=""-0.564""",A,"=""4.837313""","=""5.11391""","=""1s2.5p""","=""2P*""","=""1/2""","=""1s2.7d""","=""2D""","=""3/2""",2,4,,"=""T5118LS""","=""""",
"=""""","=""4482.4""","=""2.0""","=""""","=""2.72e+05""","=""1.23e-01""","=""7.25e+01""","=""-0.309""",A,"=""4.837313""","=""5.11391""","=""1s2.5p""","=""2P*""","=""3/2""","=""1s2.7d""","=""2D""","=""5/2""",4,6,,"=""T5118LS""","=""""",
"=""""","=""4711.6""","=""0.3""","=""""","=""7.46e+03""","=""2.48e-03""","=""1.54e+00""","=""-2.003""",A,"=""4.847154""","=""5.110300""","=""1s2.5d""","=""2D""","=""3/2""","=""1s2.7p""","=""2P*""","=""3/2""",4,4,,"=""T5118LS""","=""""",
"=""""","=""4711.6""","=""0.3""","=""""","=""7.46e+04""","=""1.24e-02""","=""7.70e+00""","=""-1.304""",A,"=""4.847154""","=""5.110300""","=""1s2.5d""","=""2D""","=""3/2""","=""1s2.7p""","=""2P*""","=""1/2""",4,2,,"=""T5118LS""","=""""",
"=""""","=""4711.6""","=""0.3""","=""""","=""6.73e+04""","=""1.49e-02""","=""1.39e+01""","=""-1.048""",A,"=""4.847155""","=""5.110300""","=""1s2.5d""","=""2D""","=""5/2""","=""1s2.7p""","=""2P*""","=""3/2""",6,4,,"=""T5118LS""","=""""",
"=""""","=""4781.6""","=""0.3""","=""""","=""3.33e+03""","=""1.14e-03""","=""3.59e-01""","=""-2.642""",A,"=""4.748533""","=""5.007826""","=""1s2.5s""","=""2S""","=""1/2""","=""1s2.6p""","=""2P*""","=""1/2""",2,2,,"=""T5118LS""","=""""",
"=""""","=""4781.6""","=""0.3""","=""""","=""3.33e+03""","=""2.28e-03""","=""7.18e-01""","=""-2.341""",A,"=""4.748533""","=""5.007826""","=""1s2.5s""","=""2S""","=""1/2""","=""1s2.6p""","=""2P*""","=""3/2""",2,4,,"=""T5118LS""","=""""",
"=""""","=""5122""","=""3""","=""""","=""1.30e+05""","=""5.10e-02""","=""1.72e+01""","=""-0.991""",A,"=""4.837313""","=""5.07937""","=""1s2.5p""","=""2P*""","=""1/2""","=""1s2.7s""","=""2S""","=""1/2""",2,2,,"=""T5118LS""","=""""",
"=""""","=""5122""","=""3""","=""""","=""2.59e+05""","=""5.10e-02""","=""3.44e+01""","=""-0.690""",A,"=""4.837313""","=""5.07937""","=""1s2.5p""","=""2P*""","=""3/2""","=""1s2.7s""","=""2S""","=""1/2""",4,2,,"=""T5118LS""","=""""",
"=""""","=""5464.6""","=""0.4""","=""""","=""7.51e+05""","=""3.36e-01""","=""1.21e+02""","=""-0.17""",A,"=""4.521648""","=""4.748533""","=""1s2.4p""","=""2P*""","=""1/2""","=""1s2.5s""","=""2S""","=""1/2""",2,2,,"=""T5118LS""","=""""",
"=""""","=""5464.6""","=""0.4""","=""""","=""1.50e+06""","=""3.35e-01""","=""2.41e+02""","=""0.127""",A,"=""4.521648""","=""4.748533""","=""1s2.4p""","=""2P*""","=""3/2""","=""1s2.5s""","=""2S""","=""1/2""",4,2,,"=""T5118LS""","=""""",
"=""""","=""6861.1""","=""0.7""","=""""","=""7.760e+05""","=""5.476e-01""","=""2.474e+02""","=""0.0395""",AA,"=""4.340942""","=""4.521648""","=""1s2.4s""","=""2S""","=""1/2""","=""1s2.4p""","=""2P*""","=""1/2""",2,2,,"=""T6620LS""","=""""",
"=""""","=""6861.1""","=""0.7""","=""""","=""7.760e+05""","=""1.095e+00""","=""4.948e+02""","=""0.3406""",AA,"=""4.340942""","=""4.521648""","=""1s2.4s""","=""2S""","=""1/2""","=""1s2.4p""","=""2P*""","=""3/2""",2,4,,"=""T6620LS""","=""""",
"=""""","=""7033.5""","=""0.7""","=""""","=""3.99e+05""","=""4.44e-01""","=""4.11e+02""","=""0.249""",A,"=""4.837313""","=""5.013589""","=""1s2.5p""","=""2P*""","=""3/2""","=""1s2.6d""","=""2D""","=""5/2""",4,6,,"=""T5118LS""","=""""",
"=""""","=""7033.6""","=""0.7""","=""""","=""6.64e+04""","=""4.92e-02""","=""4.56e+01""","=""-0.706""",A,"=""4.837313""","=""5.013587""","=""1s2.5p""","=""2P*""","=""3/2""","=""1s2.6d""","=""2D""","=""3/2""",4,4,,"=""T5118LS""","=""""",
"=""""","=""7033.6""","=""0.7""","=""""","=""3.32e+05""","=""4.92e-01""","=""2.28e+02""","=""-0.007""",A,"=""4.837313""","=""5.013587""","=""1s2.5p""","=""2P*""","=""1/2""","=""1s2.6d""","=""2D""","=""3/2""",2,4,,"=""T5118LS""","=""""",
"=""""","=""7244""","=""5""","=""""","=""1.80e+04""","=""1.42e-02""","=""1.35e+01""","=""-1.25""",A,"=""5.007826""","=""5.17898""","=""1s2.6p""","=""2P*""","=""3/2""","=""1s2.8d""","=""2D""","=""3/2""",4,4,,"=""T5118LS""","=""""",
"=""""","=""7244""","=""5""","=""""","=""8.97e+04""","=""1.41e-01""","=""6.73e+01""","=""-0.549""",A,"=""5.007826""","=""5.17898""","=""1s2.6p""","=""2P*""","=""1/2""","=""1s2.8d""","=""2D""","=""3/2""",2,4,,"=""T5118LS""","=""""",
"=""""","=""7244""","=""5""","=""""","=""1.07e+05""","=""1.27e-01""","=""1.21e+02""","=""-0.29""",A,"=""5.007826""","=""5.17898""","=""1s2.6p""","=""2P*""","=""3/2""","=""1s2.8d""","=""2D""","=""5/2""",4,6,,"=""T5118LS""","=""""",
"=""""","=""7503""","=""6""","=""""","=""2.00e+03""","=""1.69e-03""","=""2.50e+00""","=""-1.995""",B',"=""4.84834""","=""5.013589""","=""1s2.5f""","=""2F*""","=""5/2""","=""1s2.6d""","=""2D""","=""5/2""",6,6,,"=""T1115CA""","=""""",
"=""""","=""7503""","=""6""","=""""","=""4.19e+04""","=""2.36e-02""","=""3.49e+01""","=""-0.849""",B',"=""4.84834""","=""5.013587""","=""1s2.5f""","=""2F*""","=""5/2""","=""1s2.6d""","=""2D""","=""3/2""",6,4,,"=""T1115CA""","=""""",
"=""""","=""7503""","=""6""","=""""","=""3.99e+04""","=""2.53e-02""","=""4.99e+01""","=""-0.695""",B',"=""4.84834""","=""5.013589""","=""1s2.5f""","=""2F*""","=""7/2""","=""1s2.6d""","=""2D""","=""5/2""",8,6,,"=""T1115CA""","=""""",
"=""""","=""7608.5""","=""0.8""","=""""","=""4.16e+03""","=""3.61e-03""","=""3.62e+00""","=""-1.840""",A,"=""5.013587""","=""5.176542""","=""1s2.6d""","=""2D""","=""3/2""","=""1s2.8p""","=""2P*""","=""3/2""",4,4,,"=""T5118LS""","=""""",
"=""""","=""7608.5""","=""0.8""","=""""","=""4.16e+04""","=""1.81e-02""","=""1.81e+01""","=""-1.141""",A,"=""5.013587""","=""5.176542""","=""1s2.6d""","=""2D""","=""3/2""","=""1s2.8p""","=""2P*""","=""1/2""",4,2,,"=""T5118LS""","=""""",
"=""""","=""7608.6""","=""0.8""","=""""","=""3.75e+04""","=""2.17e-02""","=""3.26e+01""","=""-0.886""",A,"=""5.013589""","=""5.176542""","=""1s2.6d""","=""2D""","=""5/2""","=""1s2.8p""","=""2P*""","=""3/2""",6,4,,"=""T5118LS""","=""""",
"=""""","=""7716.6""","=""0.8""","=""""","=""1.37e+04""","=""1.22e-02""","=""1.24e+01""","=""-1.31""",A,"=""4.847154""","=""5.007826""","=""1s2.5d""","=""2D""","=""3/2""","=""1s2.6p""","=""2P*""","=""3/2""",4,4,,"=""T5118LS""","=""""",
"=""""","=""7716.6""","=""0.8""","=""""","=""1.37e+05""","=""6.10e-02""","=""6.20e+01""","=""-0.613""",A,"=""4.847154""","=""5.007826""","=""1s2.5d""","=""2D""","=""3/2""","=""1s2.6p""","=""2P*""","=""1/2""",4,2,,"=""T5118LS""","=""""",
"=""""","=""7716.6""","=""0.8""","=""""","=""1.23e+05""","=""7.35e-02""","=""1.12e+02""","=""-0.36""",A,"=""4.847155""","=""5.007826""","=""1s2.5d""","=""2D""","=""5/2""","=""1s2.6p""","=""2P*""","=""3/2""",6,4,,"=""T5118LS""","=""""",
"=""""","=""8132.0""","=""0.9""","=""""","=""2.17e+03""","=""2.15e-03""","=""1.15e+00""","=""-2.37""",A,"=""4.957835""","=""5.110300""","=""1s2.6s""","=""2S""","=""1/2""","=""1s2.7p""","=""2P*""","=""1/2""",2,2,,"=""T5118LS""","=""""",
"=""""","=""8132.0""","=""0.9""","=""""","=""2.17e+03""","=""4.30e-03""","=""2.30e+00""","=""-2.066""",A,"=""4.957835""","=""5.110300""","=""1s2.6s""","=""2S""","=""1/2""","=""1s2.7p""","=""2P*""","=""3/2""",2,4,,"=""T5118LS""","=""""",
"=""""","=""8359""","=""7""","=""""","=""1.21e+05""","=""6.32e-02""","=""6.96e+01""","=""-0.597""",A,"=""5.007826""","=""5.15614""","=""1s2.6p""","=""2P*""","=""3/2""","=""1s2.8s""","=""2S""","=""1/2""",4,2,,"=""T5118LS""","=""""",
"=""""","=""8359""","=""7""","=""""","=""6.04e+04""","=""6.32e-02""","=""3.48e+01""","=""-0.898""",A,"=""5.007826""","=""5.15614""","=""1s2.6p""","=""2P*""","=""1/2""","=""1s2.8s""","=""2S""","=""1/2""",2,2,,"=""T5118LS""","=""""",
"=""""","=""10287.2""","=""1.5""","=""""","=""2.83e+05""","=""4.49e-01""","=""3.04e+02""","=""-0.047""",A,"=""4.837313""","=""4.957835""","=""1s2.5p""","=""2P*""","=""1/2""","=""1s2.6s""","=""2S""","=""1/2""",2,2,,"=""T5118LS""","=""""",
"=""""","=""10287.2""","=""1.5""","=""""","=""5.66e+05""","=""4.49e-01""","=""6.08e+02""","=""0.254""",A,"=""4.837313""","=""4.957835""","=""1s2.5p""","=""2P*""","=""3/2""","=""1s2.6s""","=""2S""","=""1/2""",4,2,,"=""T5118LS""","=""""",
"=""""","=""11687""","=""14""","=""""","=""2.46e+04""","=""5.04e-02""","=""7.76e+01""","=""-0.695""",A,"=""5.007826""","=""5.11391""","=""1s2.6p""","=""2P*""","=""3/2""","=""1s2.7d""","=""2D""","=""3/2""",4,4,,"=""T5118LS""","=""""",
"=""""","=""11687""","=""14""","=""""","=""1.23e+05""","=""5.04e-01""","=""3.88e+02""","=""0.004""",A,"=""5.007826""","=""5.11391""","=""1s2.6p""","=""2P*""","=""1/2""","=""1s2.7d""","=""2D""","=""3/2""",2,4,,"=""T5118LS""","=""""",
"=""""","=""11687""","=""14""","=""""","=""1.48e+05""","=""4.54e-01""","=""6.99e+02""","=""0.259""",A,"=""5.007826""","=""5.11391""","=""1s2.6p""","=""2P*""","=""3/2""","=""1s2.7d""","=""2D""","=""5/2""",4,6,,"=""T5118LS""","=""""",
"=""""","=""12759""","=""16""","=""""","=""1.34e+03""","=""3.26e-03""","=""2.74e+00""","=""-2.186""",A,"=""5.07937""","=""5.176542""","=""1s2.7s""","=""2S""","=""1/2""","=""1s2.8p""","=""2P*""","=""1/2""",2,2,,"=""T5118LS""","=""""",
"=""""","=""12759""","=""16""","=""""","=""1.34e+03""","=""6.53e-03""","=""5.49e+00""","=""-1.884""",A,"=""5.07937""","=""5.176542""","=""1s2.7s""","=""2S""","=""1/2""","=""1s2.8p""","=""2P*""","=""3/2""",2,4,,"=""T5118LS""","=""""",
"=""""","=""12819.9""","=""2.3""","=""""","=""7.09e+03""","=""1.75e-02""","=""2.95e+01""","=""-1.156""",A,"=""5.013587""","=""5.110300""","=""1s2.6d""","=""2D""","=""3/2""","=""1s2.7p""","=""2P*""","=""3/2""",4,4,,"=""T5118LS""","=""""",
"=""""","=""12819.9""","=""2.3""","=""""","=""7.07e+04""","=""8.71e-02""","=""1.47e+02""","=""-0.458""",A,"=""5.013587""","=""5.110300""","=""1s2.6d""","=""2D""","=""3/2""","=""1s2.7p""","=""2P*""","=""1/2""",4,2,,"=""T5118LS""","=""""",
"=""""","=""12820.0""","=""2.3""","=""""","=""6.37e+04""","=""1.05e-01""","=""2.65e+02""","=""-0.202""",A,"=""5.013589""","=""5.110300""","=""1s2.6d""","=""2D""","=""5/2""","=""1s2.7p""","=""2P*""","=""3/2""",6,4,,"=""T5118LS""","=""""",
"=""""","=""13965""","=""3""","=""""","=""2.34e+05""","=""6.85e-01""","=""6.30e+02""","=""0.137""",A,"=""4.748533""","=""4.837313""","=""1s2.5s""","=""2S""","=""1/2""","=""1s2.5p""","=""2P*""","=""1/2""",2,2,,"=""T5118LS""","=""""",
"=""""","=""13965""","=""3""","=""""","=""2.34e+05""","=""1.37e+00""","=""1.26e+03""","=""0.44""",A,"=""4.748533""","=""4.837313""","=""1s2.5s""","=""2S""","=""1/2""","=""1s2.5p""","=""2P*""","=""3/2""",2,4,,"=""T5118LS""","=""""",
"=""""","=""17330""","=""30""","=""""","=""1.25e+05""","=""5.61e-01""","=""6.40e+02""","=""0.050""",A,"=""5.007826""","=""5.07937""","=""1s2.6p""","=""2P*""","=""1/2""","=""1s2.7s""","=""2S""","=""1/2""",2,2,,"=""T5118LS""","=""""",
"=""""","=""17330""","=""30""","=""""","=""2.49e+05""","=""5.61e-01""","=""1.28e+03""","=""0.35""",A,"=""5.007826""","=""5.07937""","=""1s2.6p""","=""2P*""","=""3/2""","=""1s2.7s""","=""2S""","=""1/2""",4,2,,"=""T5118LS""","=""""",
"=""""","=""18050""","=""30""","=""""","=""5.33e+04""","=""5.21e-01""","=""6.19e+02""","=""0.018""",A,"=""5.110300""","=""5.17898""","=""1s2.7p""","=""2P*""","=""1/2""","=""1s2.8d""","=""2D""","=""3/2""",2,4,,"=""T5118LS""","=""""",
"=""""","=""18050""","=""30""","=""""","=""1.07e+04""","=""5.22e-02""","=""1.24e+02""","=""-0.68""",A,"=""5.110300""","=""5.17898""","=""1s2.7p""","=""2P*""","=""3/2""","=""1s2.8d""","=""2D""","=""3/2""",4,4,,"=""T5118LS""","=""""",
"=""""","=""18050""","=""30""","=""""","=""6.37e+04""","=""4.67e-01""","=""1.11e+03""","=""0.27""",A,"=""5.110300""","=""5.17898""","=""1s2.7p""","=""2P*""","=""3/2""","=""1s2.8d""","=""2D""","=""5/2""",4,6,,"=""T5118LS""","=""""",
"=""""","=""19800""","=""40""","=""""","=""3.93e+03""","=""2.31e-02""","=""6.02e+01""","=""-1.034""",A,"=""5.11391""","=""5.176542""","=""1s2.7d""","=""2D""","=""3/2""","=""1s2.8p""","=""2P*""","=""3/2""",4,4,,"=""T5118LS""","=""""",
"=""""","=""19800""","=""40""","=""""","=""3.93e+04""","=""1.15e-01""","=""3.01e+02""","=""-0.336""",A,"=""5.11391""","=""5.176542""","=""1s2.7d""","=""2D""","=""3/2""","=""1s2.8p""","=""2P*""","=""1/2""",4,2,,"=""T5118LS""","=""""",
"=""""","=""19800""","=""40""","=""""","=""3.54e+04""","=""1.39e-01""","=""5.42e+02""","=""-0.080""",A,"=""5.11391""","=""5.176542""","=""1s2.7d""","=""2D""","=""5/2""","=""1s2.8p""","=""2P*""","=""3/2""",6,4,,"=""T5118LS""","=""""",
"=""""","=""24802""","=""9""","=""""","=""8.90e+04""","=""8.21e-01""","=""1.34e+03""","=""0.22""",A,"=""4.957835""","=""5.007826""","=""1s2.6s""","=""2S""","=""1/2""","=""1s2.6p""","=""2P*""","=""1/2""",2,2,,"=""T5118LS""","=""""",
"=""""","=""24802""","=""9""","=""""","=""8.87e+04""","=""1.64e+00""","=""2.67e+03""","=""0.515""",A,"=""4.957835""","=""5.007826""","=""1s2.6s""","=""2S""","=""1/2""","=""1s2.6p""","=""2P*""","=""3/2""",2,4,,"=""T5118LS""","=""""",
"=""""","=""27050""","=""70""","=""""","=""6.15e+04""","=""6.74e-01""","=""1.20e+03""","=""0.13""",A,"=""5.110300""","=""5.15614""","=""1s2.7p""","=""2P*""","=""1/2""","=""1s2.8s""","=""2S""","=""1/2""",2,2,,"=""T5118LS""","=""""",
"=""""","=""27050""","=""70""","=""""","=""1.23e+05""","=""6.74e-01""","=""2.40e+03""","=""0.431""",A,"=""5.110300""","=""5.15614""","=""1s2.7p""","=""2P*""","=""3/2""","=""1s2.8s""","=""2S""","=""1/2""",4,2,,"=""T5118LS""","=""""",
"=""""","=""27953""","=""11""","=""""","=""3.77e+03""","=""6.63e-02""","=""2.44e+02""","=""-0.577""",A,"=""3.834258""","=""3.878613""","=""1s2.3p""","=""2P*""","=""3/2""","=""1s2.3d""","=""2D""","=""5/2""",4,6,,"=""T7401LS""","=""""",
"=""""","=""27956""","=""11""","=""""","=""6.28e+02""","=""7.36e-03""","=""2.71e+01""","=""-1.531""",A,"=""3.834258""","=""3.878608""","=""1s2.3p""","=""2P*""","=""3/2""","=""1s2.3d""","=""2D""","=""3/2""",4,4,,"=""T7401LS""","=""""",
"=""""","=""27956""","=""11""","=""""","=""3.13e+03""","=""7.33e-02""","=""1.35e+02""","=""-0.83""",A,"=""3.834258""","=""3.878608""","=""1s2.3p""","=""2P*""","=""1/2""","=""1s2.3d""","=""2D""","=""3/2""",2,4,,"=""T7401LS""","=""""",
"=""""","=""40090""","=""160""","=""""","=""3.96e+04""","=""9.55e-01""","=""2.52e+03""","=""0.281""",A,"=""5.07937""","=""5.110300""","=""1s2.7s""","=""2S""","=""1/2""","=""1s2.7p""","=""2P*""","=""1/2""",2,2,,"=""T5118LS""","=""""",
"=""""","=""40090""","=""160""","=""""","=""3.96e+04""","=""1.91e+00""","=""5.04e+03""","=""0.582""",A,"=""5.07937""","=""5.110300""","=""1s2.7s""","=""2S""","=""1/2""","=""1s2.7p""","=""2P*""","=""3/2""",2,4,,"=""T5118LS""","=""""",
"=""""","=""60800""","=""400""","=""""","=""1.96e+04""","=""1.08e+00""","=""4.34e+03""","=""0.336""",A,"=""5.15614""","=""5.176542""","=""1s2.8s""","=""2S""","=""1/2""","=""1s2.8p""","=""2P*""","=""1/2""",2,2,,"=""T5118LS""","=""""",
"=""""","=""60800""","=""400""","=""""","=""1.96e+04""","=""2.17e+00""","=""8.69e+03""","=""0.638""",A,"=""5.15614""","=""5.176542""","=""1s2.8s""","=""2S""","=""1/2""","=""1s2.8p""","=""2P*""","=""3/2""",2,4,,"=""T5118LS""","=""""",
"=""""","=""64998""","=""60""","=""""","=""1.273e+03""","=""1.209e-01""","=""1.035e+03""","=""-0.315""",AA,"=""4.521648""","=""4.540723""","=""1s2.4p""","=""2P*""","=""3/2""","=""1s2.4d""","=""2D""","=""5/2""",4,6,,"=""T6620LS""","=""""",
"=""""","=""65007""","=""60""","=""""","=""2.121e+02""","=""1.343e-02""","=""1.150e+02""","=""-1.270""",AA,"=""4.521648""","=""4.540720""","=""1s2.4p""","=""2P*""","=""3/2""","=""1s2.4d""","=""2D""","=""3/2""",4,4,,"=""T6620LS""","=""""",
"=""""","=""65007""","=""60""","=""""","=""1.060e+03""","=""1.343e-01""","=""5.750e+02""","=""-0.5708""",AA,"=""4.521648""","=""4.540720""","=""1s2.4p""","=""2P*""","=""1/2""","=""1s2.4d""","=""2D""","=""3/2""",2,4,,"=""T6620LS""","=""""",
"=""""","=""125976""","=""224""","=""""","=""4.80e+02""","=""1.71e-01""","=""2.84e+03""","=""-0.164""",A,"=""4.837313""","=""4.847155""","=""1s2.5p""","=""2P*""","=""3/2""","=""1s2.5d""","=""2D""","=""5/2""",4,6,,"=""T5118LS""","=""""",
"=""""","=""125992""","=""224""","=""""","=""8.00e+01""","=""1.90e-02""","=""3.16e+02""","=""-1.118""",A,"=""4.837313""","=""4.847154""","=""1s2.5p""","=""2P*""","=""3/2""","=""1s2.5d""","=""2D""","=""3/2""",4,4,,"=""T5118LS""","=""""",
"=""""","=""125992""","=""224""","=""""","=""4.00e+02""","=""1.90e-01""","=""1.58e+03""","=""-0.419""",A,"=""4.837313""","=""4.847154""","=""1s2.5p""","=""2P*""","=""1/2""","=""1s2.5d""","=""2D""","=""3/2""",2,4,,"=""T5118LS""","=""""",
"=""""","=""215100""","=""700""","=""""","=""2.11e+02""","=""2.20e-01""","=""6.23e+03""","=""-0.056""",B,"=""5.007826""","=""5.013589""","=""1s2.6p""","=""2P*""","=""3/2""","=""1s2.6d""","=""2D""","=""5/2""",4,6,,"=""T5118LS""","=""""",
"=""""","=""215200""","=""700""","=""""","=""1.76e+02""","=""2.44e-01""","=""3.46e+03""","=""-0.311""",B,"=""5.007826""","=""5.013587""","=""1s2.6p""","=""2P*""","=""1/2""","=""1s2.6d""","=""2D""","=""3/2""",2,4,,"=""T5118LS""","=""""",
"=""""","=""215200""","=""700""","=""""","=""3.52e+01""","=""2.44e-02""","=""6.92e+02""","=""-1.010""",B,"=""5.007826""","=""5.013587""","=""1s2.6p""","=""2P*""","=""3/2""","=""1s2.6d""","=""2D""","=""3/2""",4,4,,"=""T5118LS""","=""""",
"=""""","=""343000""","=""12000""","=""""","=""1.67e+01""","=""2.94e-02""","=""1.33e+03""","=""-0.93""",B,"=""5.110300""","=""5.11391""","=""1s2.7p""","=""2P*""","=""3/2""","=""1s2.7d""","=""2D""","=""3/2""",4,4,,"=""T5118LS""","=""""",
"=""""","=""343000""","=""12000""","=""""","=""8.32e+01""","=""2.94e-01""","=""6.63e+03""","=""-0.231""",B,"=""5.110300""","=""5.11391""","=""1s2.7p""","=""2P*""","=""1/2""","=""1s2.7d""","=""2D""","=""3/2""",2,4,,"=""T5118LS""","=""""",
"=""""","=""343000""","=""12000""","=""""","=""9.95e+01""","=""2.63e-01""","=""1.19e+04""","=""0.02""",B,"=""5.110300""","=""5.11391""","=""1s2.7p""","=""2P*""","=""3/2""","=""1s2.7d""","=""2D""","=""5/2""",4,6,,"=""T5118LS""","=""""",
"=""""","=""510000""","=""30000""","=""""","=""8.90e+00""","=""3.45e-02""","=""2.31e+03""","=""-0.860""",B,"=""5.176542""","=""5.17898""","=""1s2.8p""","=""2P*""","=""3/2""","=""1s2.8d""","=""2D""","=""3/2""",4,4,,"=""T5118LS""","=""""",
"=""""","=""510000""","=""30000""","=""""","=""4.43e+01""","=""3.44e-01""","=""1.15e+04""","=""-0.16""",B,"=""5.176542""","=""5.17898""","=""1s2.8p""","=""2P*""","=""1/2""","=""1s2.8d""","=""2D""","=""3/2""",2,4,,"=""T5118LS""","=""""",
"=""""","=""510000""","=""30000""","=""""","=""5.32e+01""","=""3.09e-01""","=""2.07e+04""","=""0.092""",B,"=""5.176542""","=""5.17898""","=""1s2.8p""","=""2P*""","=""3/2""","=""1s2.8d""","=""2D""","=""5/2""",4,6,,"=""T5118LS""","=""""",
"=""""","=""1045000""","=""110000""","=""""","=""6.50e-01""","=""1.60e-02""","=""2.20e+03""","=""-1.195""",B',"=""4.847154""","=""4.84834""","=""1s2.5d""","=""2D""","=""3/2""","=""1s2.5f""","=""2F*""","=""5/2""",4,6,,"=""T1115CA""","=""""",
"=""""","=""1046000""","=""110000""","=""""","=""4.64e-02""","=""7.61e-04""","=""1.57e+02""","=""-2.340""",B',"=""4.847155""","=""4.84834""","=""1s2.5d""","=""2D""","=""5/2""","=""1s2.5f""","=""2F*""","=""5/2""",6,6,,"=""T1115CA""","=""""",
"=""""","=""1046000""","=""110000""","=""""","=""6.96e-01""","=""1.52e-02""","=""3.15e+03""","=""-1.039""",B',"=""4.847155""","=""4.84834""","=""1s2.5d""","=""2D""","=""5/2""","=""1s2.5f""","=""2F*""","=""7/2""",6,8,,"=""T1115CA""","=""""",
"=""""","=""1466000""","=""216000""","=""""","=""6.44e-02""","=""3.11e-03""","=""6.01e+02""","=""-1.905""",B',"=""4.540720""","=""4.54157""","=""1s2.4d""","=""2D""","=""3/2""","=""1s2.4f""","=""2F*""","=""5/2""",4,6,,"=""T1115CA""","=""""",
"=""""","=""1470000""","=""220000""","=""""","=""4.60e-03""","=""1.49e-04""","=""4.33e+01""","=""-3.048""",B',"=""4.540723""","=""4.54157""","=""1s2.4d""","=""2D""","=""5/2""","=""1s2.4f""","=""2F*""","=""5/2""",6,6,,"=""T1115CA""","=""""",
"=""""","=""1470000""","=""220000""","=""""","=""6.90e-02""","=""2.98e-03""","=""8.66e+02""","=""-1.747""",B',"=""4.540723""","=""4.54157""","=""1s2.4d""","=""2D""","=""5/2""","=""1s2.4f""","=""2F*""","=""7/2""",6,8,,"=""T1115CA""","=""""",
