obs_wl_vac(nm),unc_obs_wl,ritz_wl_vac(nm),intens,Aki(s^-1),fik,S(a.u.),log_gf,Acc,Ei(eV),Ek(eV),conf_i,term_i,J_i,conf_k,term_k,J_k,g_i,g_k,Type,tp_ref,line_ref,column_23
"=""240.9966""","=""0.0006""","=""240.9964+""","=""5a""","=""8.6e+04""","=""2.2e-04""","=""1.8e-03""","=""-3.65""",C+,"=""0.0000000""","=""5.144649""","=""6s2""","=""1S""","=""0""","=""6s.18p""","=""1P*""","=""1""",1,3,,"=""T3039""","=""L570,L16234""",
"=""241.4814""","=""0.0006""","=""241.4815+""","=""6a""","=""1.5e+05""","=""4.0e-04""","=""3.2e-03""","=""-3.40""",C+,"=""0.0000000""","=""5.134315""","=""6s2""","=""1S""","=""0""","=""6s.17p""","=""1P*""","=""1""",1,3,,"=""T3039""","=""L570,L16234""",
"=""242.0846""","=""0.0006""","=""242.0846+""","=""8a""","=""2.3e+05""","=""6.2e-04""","=""4.9e-03""","=""-3.21""",C+,"=""0.0000000""","=""5.121524""","=""6s2""","=""1S""","=""0""","=""6s.16p""","=""1P*""","=""1""",1,3,,"=""T3039""","=""L570,L16234""",
"=""242.8147""","=""0.0006""","=""242.8151+""","=""6a""","=""5.6e+05""","=""1.5e-03""","=""1.19e-02""","=""-2.83""",C+,"=""0.0000000""","=""5.106116""","=""6s2""","=""1S""","=""0""","=""6s.15p""","=""1P*""","=""1""",1,3,,"=""T3039""","=""L570,L16234""",
"=""243.3257""","=""0.0020""","=""243.3256+""","=""15a""","=""7.2e+05""","=""1.9e-03""","=""1.5e-02""","=""-2.72""",D,"=""0.0000000""","=""5.095403""","=""6s2""","=""1S""","=""0""","=""5d.8p""","=""3P*""","=""1""",1,3,,"=""T4515""","=""L570,L16234""",
"=""243.9548""","=""0.0012""","=""243.9546+""","=""6a""","=""1.4e+05""","=""3.8e-04""","=""3.1e-03""","=""-3.42""",C+,"=""0.0000000""","=""5.082265""","=""6s2""","=""1S""","=""0""","=""6s.14p""","=""1P*""","=""1""",1,3,,"=""T3039""","=""L16234""",
"=""244.5383""","=""0.0012""","=""244.5361+""","=""10a""","=""4.5e+05""","=""1.2e-03""","=""9.7e-03""","=""-2.92""",D,"=""0.0000000""","=""5.070180""","=""6s2""","=""1S""","=""0""","=""5d.8p""","=""3D*""","=""1""",1,3,,"=""T4515""","=""L16234""",
"=""245.3121""","=""0.0012""","=""245.3071+""","=""2a""","=""8.1e+04""","=""2.2e-04""","=""1.8e-03""","=""-3.66""",C+,"=""0.0000000""","=""5.054244""","=""6s2""","=""1S""","=""0""","=""6s.13p""","=""1P*""","=""1""",1,3,,"=""T3039""","=""L16234""",
"=""247.4""","=""0.20""","=""247.3492+""","=""""","=""4.6e+05""","=""1.26e-03""","=""1.03e-02""","=""-2.90""",C+,"=""0.0000000""","=""5.012517""","=""6s2""","=""1S""","=""0""","=""6s.12p""","=""1P*""","=""1""",1,3,,"=""T3039""","=""L16231""",
"=""250.10""","=""0.02""","=""250.1117+""","=""""","=""1.5e+06""","=""4.2e-03""","=""3.5e-02""","=""-2.4""",E,"=""0.0000000""","=""4.957154""","=""6s2""","=""1S""","=""0""","=""6s.11p""","=""1P*""","=""1""",1,3,,"=""T4515""","=""L7361""",
"=""254.40""","=""0.02""","=""254.3756+""","=""""","=""4.1e+06""","=""1.2e-02""","=""1.0e-01""","=""-1.9""",E,"=""0.0000000""","=""4.874061""","=""6s2""","=""1S""","=""0""","=""6s.10p""","=""1P*""","=""1""",1,3,,"=""T4515""","=""L7361""",
"=""259.74120""","=""""","=""259.74120+""","=""120""","=""1.2e+07""","=""3.6e-02""","=""3.1e-01""","=""-1.4""",E,"=""0.0000000""","=""4.7733743""","=""6s2""","=""1S""","=""0""","=""5d.7p""","=""1P*""","=""1""",1,3,,"=""T4515""","=""L9224""",
"=""264.729""","=""0.005""","=""264.7234+""","=""1h""","=""1.1e+06""","=""3.5e-03""","=""3.0e-02""","=""-2.5""",E,"=""0.0000000""","=""4.683538""","=""6s2""","=""1S""","=""0""","=""6s.9p""","=""1P*""","=""1""",1,3,,"=""T4515""","=""L7361""",
"=""270.34347""","=""""","=""270.34347+""","=""78""","=""2.5e+06""","=""8.e-03""","=""7.e-02""","=""-2.1""",E,"=""0.0000000""","=""4.5861731""","=""6s2""","=""1S""","=""0""","=""5d.7p""","=""3P*""","=""1""",1,3,,"=""T4515""","=""L9224""",
"=""274.00468""","=""""","=""274.00464+""","=""39""","=""9.1e+05""","=""3.1e-03""","=""2.8e-02""","=""-2.5""",E,"=""0.0000000""","=""4.5248941""","=""6s2""","=""1S""","=""0""","=""5d.7p""","=""3D*""","=""1""",1,3,,"=""T4515""","=""L9224""",
"=""278.61001""","=""""","=""278.61001+""","=""95""","=""2.8e+06""","=""1.0e-02""","=""9.e-02""","=""-2.0""",E,"=""0.0000000""","=""4.4500985""","=""6s2""","=""1S""","=""0""","=""6s.8p""","=""1P*""","=""1""",1,3,,"=""T4515""","=""L9224""",
"=""307.24766""","=""""","=""307.24767+""","=""168""","=""4.2e+07""","=""1.8e-01""","=""1.8e+00""","=""-0.74""",C,"=""0.0000000""","=""4.0353178""","=""6s2""","=""1S""","=""0""","=""6s.7p""","=""1P*""","=""1""",1,3,,"=""T4784""","=""L9224""",
"=""313.663""","=""0.005""","=""313.6596+""","=""8w""","=""""","=""""","=""""","=""""",,"=""1.1425765""","=""5.095403""","=""6s.5d""","=""3D""","=""2""","=""5d.8p""","=""3P*""","=""1""",5,3,,"=""""","=""L7361""",
"=""313.8609""","=""0.0020""","=""313.8616+""","=""10""","=""""","=""""","=""""","=""""",,"=""1.1200690""","=""5.070351""","=""6s.5d""","=""3D""","=""1""","=""6s.10f""","=""3F*""","=""2""",3,5,,"=""""","=""L7361""",
"=""315.6587""","=""0.0020""","=""315.6602+""","=""10""","=""""","=""""","=""""","=""""",,"=""1.1425765""","=""5.070351""","=""6s.5d""","=""3D""","=""2""","=""6s.10f""","=""3F*""","=""2""",5,5,,"=""""","=""L7361""",
"=""316.6514""","=""0.0020""","=""316.6571+""","=""25""","=""""","=""""","=""""","=""""",,"=""1.1200690""","=""5.035478""","=""6s.5d""","=""3D""","=""1""","=""6s.9f""","=""3F*""","=""2""",3,5,,"=""""","=""L7361""",
"=""318.488""","=""0.005""","=""318.4879+""","=""15""","=""""","=""""","=""""","=""""",,"=""1.1425765""","=""5.035478""","=""6s.5d""","=""3D""","=""2""","=""6s.9f""","=""3F*""","=""2""",5,5,,"=""""","=""L7361""",
"=""326.32592""","=""""","=""326.32592+""","=""2""","=""""","=""""","=""""","=""""",,"=""1.1200690""","=""4.9194668""","=""6s.5d""","=""3D""","=""1""","=""6s.7f""","=""3F*""","=""2""",3,5,,"=""""","=""L9224""",
"=""328.24309""","=""""","=""328.24309+""","=""3""","=""""","=""""","=""""","=""""",,"=""1.1425765""","=""4.9197831""","=""6s.5d""","=""3D""","=""2""","=""6s.7f""","=""3F*""","=""3""",5,7,,"=""""","=""L9224""",
"=""328.2718""","=""0.0020""","=""328.27058+""","=""15""","=""""","=""""","=""""","=""""",,"=""1.1425765""","=""4.9194668""","=""6s.5d""","=""3D""","=""2""","=""6s.7f""","=""3F*""","=""2""",5,5,,"=""""","=""L7361""",
"=""332.37395""","=""""","=""332.37396+""","=""5""","=""""","=""""","=""""","=""""",,"=""1.1898185""","=""4.9200806""","=""6s.5d""","=""3D""","=""3""","=""6s.7f""","=""3F*""","=""4""",7,9,,"=""""","=""L9224""",
"=""335.77627""","=""""","=""335.77628+""","=""8""","=""""","=""""","=""""","=""""",,"=""1.1200690""","=""4.8125335""","=""6s.5d""","=""3D""","=""1""","=""6s.6f""","=""3F*""","=""2""",3,5,,"=""""","=""L9224""",
"=""337.79359""","=""""","=""337.79359+""","=""13""","=""""","=""""","=""""","=""""",,"=""1.1425765""","=""4.8129895""","=""6s.5d""","=""3D""","=""2""","=""6s.6f""","=""3F*""","=""3""",5,7,,"=""""","=""L9224""",
"=""337.83566""","=""""","=""337.83557+""","=""2""","=""""","=""""","=""""","=""""",,"=""1.1425765""","=""4.8125335""","=""6s.5d""","=""3D""","=""2""","=""6s.6f""","=""3F*""","=""2""",5,5,,"=""""","=""L9224""",
"=""342.12938""","=""""","=""342.12938+""","=""19""","=""""","=""""","=""""","=""""",,"=""1.1898185""","=""4.8137165""","=""6s.5d""","=""3D""","=""3""","=""6s.6f""","=""3F*""","=""4""",7,9,,"=""""","=""L9224""",
"=""342.19815""","=""""","=""342.19803+""","=""1""","=""""","=""""","=""""","=""""",,"=""1.1898185""","=""4.8129895""","=""6s.5d""","=""3D""","=""3""","=""6s.6f""","=""3F*""","=""3""",7,7,,"=""""","=""L9224""",
"=""350.21091""","=""""","=""350.21092+""","=""860""","=""3.5e+07""","=""1.93e-01""","=""2.23e+00""","=""-0.71""",B,"=""0.0000000""","=""3.5402722""","=""6s2""","=""1S""","=""0""","=""5d.6p""","=""1P*""","=""1""",1,3,,"=""T5037""","=""L9224""",
"=""352.59810""","=""""","=""352.59809+""","=""47""","=""""","=""""","=""""","=""""",,"=""1.1200690""","=""4.6363727""","=""6s.5d""","=""3D""","=""1""","=""6s.5f""","=""3F*""","=""2""",3,5,,"=""""","=""L9224""",
"=""353.04899""","=""""","=""353.04896+""","=""6""","=""""","=""""","=""""","=""""",,"=""1.1425765""","=""4.6543896""","=""6s.5d""","=""3D""","=""2""","=""5d.7p""","=""3D*""","=""3""",5,7,,"=""""","=""L9224""",
"=""353.23512""","=""""","=""353.23512+""","=""5""","=""""","=""""","=""""","=""""",,"=""1.4128433""","=""4.9228057""","=""6s.5d""","=""1D""","=""2""","=""6s.7f""","=""1F*""","=""3""",5,7,,"=""""","=""L9224""",
"=""354.56694""","=""""","=""354.56694+""","=""74""","=""""","=""""","=""""","=""""",,"=""1.1425765""","=""4.6393548""","=""6s.5d""","=""3D""","=""2""","=""6s.5f""","=""3F*""","=""3""",5,7,,"=""""","=""L9224""",
"=""354.86958""","=""""","=""354.86958+""","=""9""","=""""","=""""","=""""","=""""",,"=""1.1425765""","=""4.6363727""","=""6s.5d""","=""3D""","=""2""","=""6s.5f""","=""3F*""","=""2""",5,5,,"=""""","=""L9224""",
"=""356.29509""","=""""","=""356.29509+""","=""6""","=""""","=""""","=""""","=""""",,"=""1.1425765""","=""4.6223943""","=""6s.5d""","=""3D""","=""2""","=""5d.7p""","=""1F*""","=""3""",5,7,,"=""""","=""L9224""",
"=""356.76718""","=""""","=""356.76716+""","=""6""","=""""","=""""","=""""","=""""",,"=""1.1200690""","=""4.5952824""","=""6s.5d""","=""3D""","=""1""","=""5d.7p""","=""3D*""","=""2""",3,5,,"=""""","=""L9224""",
"=""357.70479""","=""""","=""357.70477+""","=""6""","=""""","=""""","=""""","=""""",,"=""1.1200690""","=""4.5861731""","=""6s.5d""","=""3D""","=""1""","=""5d.7p""","=""3P*""","=""1""",3,3,,"=""""","=""L9224""",
"=""357.86302""","=""""","=""357.86304+""","=""18""","=""""","=""""","=""""","=""""",,"=""1.1898185""","=""4.6543896""","=""6s.5d""","=""3D""","=""3""","=""5d.7p""","=""3D*""","=""3""",7,7,,"=""""","=""L9224""",
"=""358.06853""","=""""","=""358.06853+""","=""87""","=""""","=""""","=""""","=""""",,"=""1.1898185""","=""4.6524014""","=""6s.5d""","=""3D""","=""3""","=""6s.5f""","=""3F*""","=""4""",7,9,,"=""""","=""L9224""",
"=""358.75323""","=""""","=""358.75322+""","=""10""","=""""","=""""","=""""","=""""",,"=""1.1200690""","=""4.5760435""","=""6s.5d""","=""3D""","=""1""","=""5d.7p""","=""3P*""","=""0""",3,1,,"=""""","=""L9224""",
"=""358.91209""","=""""","=""358.91209+""","=""11""","=""""","=""""","=""""","=""""",,"=""1.1425765""","=""4.5970213""","=""6s.5d""","=""3D""","=""2""","=""5d.7p""","=""3P*""","=""2""",5,5,,"=""""","=""L9224""",
"=""359.09286""","=""""","=""359.09285+""","=""2""","=""""","=""""","=""""","=""""",,"=""1.1425765""","=""4.5952824""","=""6s.5d""","=""3D""","=""2""","=""5d.7p""","=""3D*""","=""2""",5,5,,"=""""","=""L9224""",
"=""359.42277""","=""""","=""359.42279+""","=""12""","=""""","=""""","=""""","=""""",,"=""1.1898185""","=""4.6393548""","=""6s.5d""","=""3D""","=""3""","=""6s.5f""","=""3F*""","=""3""",7,7,,"=""""","=""L9224""",
"=""360.04274""","=""""","=""360.04274+""","=""16""","=""""","=""""","=""""","=""""",,"=""1.1425765""","=""4.5861731""","=""6s.5d""","=""3D""","=""2""","=""5d.7p""","=""3P*""","=""1""",5,3,,"=""""","=""L9224""",
"=""361.19871""","=""""","=""361.19872+""","=""11""","=""""","=""""","=""""","=""""",,"=""1.1898185""","=""4.6223943""","=""6s.5d""","=""3D""","=""3""","=""5d.7p""","=""1F*""","=""3""",7,7,,"=""""","=""L9224""",
"=""363.16751""","=""""","=""363.16751+""","=""57""","=""""","=""""","=""""","=""""",,"=""1.1898185""","=""4.6037857""","=""6s.5d""","=""3D""","=""3""","=""5d.7p""","=""3F*""","=""4""",7,9,,"=""""","=""L9224""",
"=""363.78779""","=""""","=""363.78779+""","=""19""","=""""","=""""","=""""","=""""",,"=""1.4128433""","=""4.8209895""","=""6s.5d""","=""1D""","=""2""","=""6s.6f""","=""1F*""","=""3""",5,7,,"=""""","=""L9224""",
"=""364.07437""","=""""","=""364.07433+""","=""1""","=""""","=""""","=""""","=""""",,"=""1.1898185""","=""4.5952824""","=""6s.5d""","=""3D""","=""3""","=""5d.7p""","=""3D*""","=""2""",7,5,,"=""""","=""L9224""",
"=""364.14263""","=""""","=""364.14264+""","=""114""","=""""","=""""","=""""","=""""",,"=""1.1200690""","=""4.5248941""","=""6s.5d""","=""3D""","=""1""","=""5d.7p""","=""3D*""","=""1""",3,3,,"=""""","=""L9224""",
"=""366.35799""","=""""","=""366.35799+""","=""13""","=""""","=""""","=""""","=""""",,"=""1.1425765""","=""4.5268127""","=""6s.5d""","=""3D""","=""2""","=""5d.7p""","=""3F*""","=""3""",5,7,,"=""""","=""L9224""",
"=""368.94229""","=""""","=""368.94229+""","=""13""","=""""","=""""","=""""","=""""",,"=""1.4128433""","=""4.7733743""","=""6s.5d""","=""1D""","=""2""","=""5d.7p""","=""1P*""","=""1""",5,3,,"=""""","=""L9224""",
"=""379.58754""","=""""","=""379.58754+""","=""33""","=""""","=""""","=""""","=""""",,"=""1.4128433""","=""4.6791307""","=""6s.5d""","=""1D""","=""2""","=""6s.5f""","=""1F*""","=""3""",5,7,,"=""""","=""L9224""",
"=""386.29766""","=""""","=""386.29765+""","=""53""","=""""","=""""","=""""","=""""",,"=""1.4128433""","=""4.6223943""","=""6s.5d""","=""1D""","=""2""","=""5d.7p""","=""1F*""","=""3""",5,7,,"=""""","=""L9224""",
"=""388.24342""","=""""","=""388.24344+""","=""3""","=""""","=""""","=""""","=""""",,"=""1.5207932""","=""4.7142585""","=""6s.6p""","=""3P*""","=""0""","=""5d.6d""","=""3P""","=""1""",1,3,,"=""""","=""L9224""",
"=""389.04284""","=""""","=""389.04284+""","=""165""","=""1.10e+06""","=""7.5e-03""","=""9.6e-02""","=""-2.13""",C+,"=""0.0000000""","=""3.1869035""","=""6s2""","=""1S""","=""0""","=""5d.6p""","=""3P*""","=""1""",1,3,,"=""T5495""","=""L9224""",
"=""389.16738""","=""""","=""389.16739+""","=""9""","=""""","=""""","=""""","=""""",,"=""1.5207932""","=""4.7066767""","=""6s.6p""","=""3P*""","=""0""","=""6s.8d""","=""3D""","=""1""",1,3,,"=""""","=""L9224""",
"=""389.37585""","=""""","=""389.37585+""","=""82""","=""""","=""""","=""""","=""""",,"=""1.4128433""","=""4.5970213""","=""6s.5d""","=""1D""","=""2""","=""5d.7p""","=""3P*""","=""2""",5,5,,"=""""","=""L9224""",
"=""389.54528""","=""""","=""389.54531+""","=""4""","=""""","=""""","=""""","=""""",,"=""1.6756148""","=""4.8584076""","=""6s.6p""","=""3P*""","=""2""","=""6s.9d""","=""3D""","=""3""",5,7,,"=""""","=""L9224""",
"=""389.58852""","=""""","=""389.58860+""","=""1""","=""""","=""""","=""""","=""""",,"=""1.4128433""","=""4.5952824""","=""6s.5d""","=""1D""","=""2""","=""5d.7p""","=""3D*""","=""2""",5,5,,"=""""","=""L9224""",
"=""390.70696""","=""""","=""390.70694+""","=""5""","=""""","=""""","=""""","=""""",,"=""1.4128433""","=""4.5861731""","=""6s.5d""","=""1D""","=""2""","=""5d.7p""","=""3P*""","=""1""",5,3,,"=""""","=""L9224""",
"=""391.10167""","=""""","=""391.10167+""","=""272""","=""4.9e+07""","=""1.9e-01""","=""7.e+00""","=""-0.3""",E,"=""1.1200690""","=""4.2901961""","=""6s.5d""","=""3D""","=""1""","=""6s.4f""","=""3F*""","=""2""",3,5,,"=""T4515""","=""L9224""",
"=""391.83614""","=""""","=""391.83614+""","=""4""","=""""","=""""","=""""","=""""",,"=""1.1425765""","=""4.3067614""","=""6s.5d""","=""3D""","=""2""","=""6s.4f""","=""1F*""","=""3""",5,7,,"=""""","=""L9224""",
"=""393.68309""","=""""","=""393.68309+""","=""423""","=""4.7e+07""","=""1.5e-01""","=""1.0e+01""","=""-0.1""",E,"=""1.1425765""","=""4.2919167""","=""6s.5d""","=""3D""","=""2""","=""6s.4f""","=""3F*""","=""3""",5,7,,"=""T4515""","=""L9224""",
"=""393.89829""","=""""","=""393.89829+""","=""59""","=""1.1e+07""","=""2.6e-02""","=""1.7e+00""","=""-0.9""",E,"=""1.1425765""","=""4.2901961""","=""6s.5d""","=""3D""","=""2""","=""6s.4f""","=""3F*""","=""2""",5,5,,"=""T4515""","=""L9224""",
"=""394.67096""","=""""","=""394.67095+""","=""21""","=""""","=""""","=""""","=""""",,"=""1.5667416""","=""4.7081990""","=""6s.6p""","=""3P*""","=""1""","=""6s.8d""","=""3D""","=""2""",3,5,,"=""""","=""L9224""",
"=""394.86230""","=""""","=""394.86229+""","=""9""","=""""","=""""","=""""","=""""",,"=""1.5667416""","=""4.7066767""","=""6s.6p""","=""3P*""","=""1""","=""6s.8d""","=""3D""","=""1""",3,3,,"=""""","=""L9224""",
"=""399.45281""","=""""","=""399.45281+""","=""530""","=""5.5e+07""","=""1.7e-01""","=""1.6e+01""","=""0.1""",E,"=""1.1898185""","=""4.2936694""","=""6s.5d""","=""3D""","=""3""","=""6s.4f""","=""3F*""","=""4""",7,9,,"=""T4515""","=""L9224""",
"=""399.67849""","=""""","=""399.67850+""","=""61""","=""8.8e+06""","=""2.1e-02""","=""1.9e+00""","=""-0.8""",E,"=""1.1898185""","=""4.2919167""","=""6s.5d""","=""3D""","=""3""","=""6s.4f""","=""3F*""","=""3""",7,7,,"=""T4515""","=""L9224""",
"=""399.90032""","=""""","=""399.90031+""","=""1""","=""""","=""""","=""""","=""""",,"=""1.1898185""","=""4.2901961""","=""6s.5d""","=""3D""","=""3""","=""6s.4f""","=""3F*""","=""2""",7,5,,"=""""","=""L9224""",
"=""408.21136""","=""""","=""408.21133+""","=""13""","=""""","=""""","=""""","=""""",,"=""1.4128433""","=""4.4500985""","=""6s.5d""","=""1D""","=""2""","=""6s.8p""","=""1P*""","=""1""",5,3,,"=""""","=""L9224""",
"=""408.60205""","=""""","=""408.60207+""","=""43""","=""""","=""""","=""""","=""""",,"=""1.6756148""","=""4.7099655""","=""6s.6p""","=""3P*""","=""2""","=""6s.8d""","=""3D""","=""3""",5,7,,"=""""","=""L9224""",
"=""408.84005""","=""""","=""408.84009+""","=""8""","=""""","=""""","=""""","=""""",,"=""1.6756148""","=""4.7081990""","=""6s.6p""","=""3P*""","=""2""","=""6s.8d""","=""3D""","=""2""",5,5,,"=""""","=""L9224""",
"=""408.84973""","=""""","=""408.84975+""","=""9""","=""""","=""""","=""""","=""""",,"=""1.5667416""","=""4.5992541""","=""6s.6p""","=""3P*""","=""1""","=""5d.6d""","=""3S""","=""1""",3,3,,"=""""","=""L9224""",
"=""413.35922""","=""""","=""413.35922+""","=""309""","=""1.46e+06""","=""1.12e-02""","=""1.53e-01""","=""-1.95""",B,"=""0.0000000""","=""2.9994298""","=""6s2""","=""1S""","=""0""","=""5d.6p""","=""3D*""","=""1""",1,3,,"=""T5037,T5495""","=""L9224""",
"=""418.05266""","=""""","=""418.05267+""","=""14""","=""""","=""""","=""""","=""""",,"=""1.6756148""","=""4.6413703""","=""6s.6p""","=""3P*""","=""2""","=""6s.8d""","=""1D""","=""2""",5,5,,"=""""","=""L9224""",
"=""422.51530""","=""""","=""422.5153+""","=""34""","=""""","=""""","=""""","=""""",,"=""1.5207932""","=""4.4552241""","=""6s.6p""","=""3P*""","=""0""","=""5d.6d""","=""3D""","=""1""",1,3,,"=""""","=""L9224""",
"=""424.07489""","=""""","=""424.0749+""","=""25""","=""2.4e+07""","=""3.9e-02""","=""2.7e+00""","=""-0.7""",E,"=""1.6756148""","=""4.5992541""","=""6s.6p""","=""3P*""","=""2""","=""5d.6d""","=""3S""","=""1""",5,3,,"=""T4515""","=""L9224""",
"=""424.37995""","=""""","=""424.3800+""","=""17""","=""5.6e+06""","=""2.5e-02""","=""1.1e+00""","=""-1.1""",E,"=""1.5667416""","=""4.4882791""","=""6s.6p""","=""3P*""","=""1""","=""5d.6d""","=""3D""","=""2""",3,5,,"=""T4515""","=""L9224""",
"=""426.56177""","=""""","=""426.5617+""","=""42""","=""1.5e+07""","=""1.2e-01""","=""1.7e+00""","=""-0.9""",E,"=""1.5207932""","=""4.4273876""","=""6s.6p""","=""3P*""","=""0""","=""6s.7d""","=""3D""","=""1""",1,3,,"=""T4515""","=""L9224""",
"=""428.43025""","=""""","=""428.4302+""","=""530""","=""6.4e+07""","=""2.5e-01""","=""1.7e+01""","=""0.1""",E,"=""1.4128433""","=""4.3067614""","=""6s.5d""","=""1D""","=""2""","=""6s.4f""","=""1F*""","=""3""",5,7,,"=""T4515""","=""L9224""",
"=""429.23644""","=""""","=""429.2364+""","=""26""","=""""","=""""","=""""","=""""",,"=""1.5667416""","=""4.4552241""","=""6s.6p""","=""3P*""","=""1""","=""5d.6d""","=""3D""","=""1""",3,3,,"=""""","=""L9224""",
"=""430.63925""","=""""","=""430.6392+""","=""6""","=""""","=""""","=""""","=""""",,"=""1.4128433""","=""4.2919167""","=""6s.5d""","=""1D""","=""2""","=""6s.4f""","=""3F*""","=""3""",5,7,,"=""""","=""L9224""",
"=""432.42188""","=""""","=""432.4219+""","=""61""","=""8.8e+06""","=""4.1e-02""","=""1.8e+00""","=""-0.91""",C+,"=""1.5667416""","=""4.4339461""","=""6s.6p""","=""3P*""","=""1""","=""6s.7d""","=""1D""","=""2""",3,5,,"=""T5495""","=""L9224""",
"=""432.63247""","=""""","=""432.6325+""","=""18""","=""7.1e+06""","=""2.8e-02""","=""2.0e+00""","=""-0.9""",E,"=""1.6756148""","=""4.5414238""","=""6s.6p""","=""3P*""","=""2""","=""5d.6d""","=""3D""","=""3""",5,7,,"=""T4515""","=""L9224""",
"=""433.41329""","=""""","=""433.4133+""","=""39""","=""1.5e+07""","=""4.2e-02""","=""1.8e+00""","=""-0.9""",E,"=""1.5667416""","=""4.4273876""","=""6s.6p""","=""3P*""","=""1""","=""6s.7d""","=""3D""","=""1""",3,3,,"=""T4515""","=""L9224""",
"=""435.15484""","=""""","=""435.1548+""","=""271""","=""6.0e+07""","=""2.8e-01""","=""1.2e+01""","=""-0.1""",E,"=""1.5667416""","=""4.4159389""","=""6s.6p""","=""3P*""","=""1""","=""6s.7d""","=""3D""","=""2""",3,5,,"=""T4515""","=""L9224""",
"=""436.07522""","=""""","=""436.0752+""","=""9""","=""""","=""""","=""""","=""""",,"=""1.6756148""","=""4.5187988""","=""6s.6p""","=""3P*""","=""2""","=""5d.6d""","=""1P""","=""1""",5,3,,"=""""","=""L9224""",
"=""440.37752""","=""""","=""440.3775+""","=""273""","=""2.7e+07""","=""1.3e-01""","=""5.7e+00""","=""-0.41""",C,"=""1.5667416""","=""4.3821487""","=""6s.6p""","=""3P*""","=""1""","=""6p2""","=""3P""","=""2""",3,5,,"=""T5429""","=""L9224""",
"=""440.80696""","=""""","=""440.8070+""","=""29""","=""1.0e+07""","=""2.9e-02""","=""2.1e+00""","=""-0.8""",E,"=""1.6756148""","=""4.4882791""","=""6s.6p""","=""3P*""","=""2""","=""5d.6d""","=""3D""","=""2""",5,5,,"=""T4515""","=""L9224""",
"=""441.49007""","=""""","=""441.4901+""","=""13""","=""""","=""""","=""""","=""""",,"=""1.6756148""","=""4.4839272""","=""6s.6p""","=""3P*""","=""2""","=""5d.6d""","=""1F""","=""3""",5,7,,"=""""","=""L9224""",
"=""443.31386""","=""""","=""443.3139+""","=""374""","=""1.2e+08""","=""1.1e+00""","=""1.5e+01""","=""0.04""",E,"=""1.5207932""","=""4.3175521""","=""6s.6p""","=""3P*""","=""0""","=""6p2""","=""3P""","=""1""",1,3,,"=""T4515""","=""L9224""",
"=""446.83450""","=""""","=""446.8345+""","=""30""","=""6.6e+06""","=""2.8e-02""","=""2.0e+00""","=""-0.9""",E,"=""1.6756148""","=""4.4503378""","=""6s.6p""","=""3P*""","=""2""","=""5d.6d""","=""3G""","=""3""",5,7,,"=""T4515""","=""L9224""",
"=""449.0239""","=""""","=""449.0239+""","=""234""","=""2.8e+07""","=""1.19e-01""","=""8.8e+00""","=""-0.23""",C+,"=""1.6756148""","=""4.4368084""","=""6s.6p""","=""3P*""","=""2""","=""6s.7d""","=""3D""","=""3""",5,7,,"=""T5495""","=""L9224""",
"=""449.4899""","=""""","=""449.4899+""","=""137""","=""2.0e+07""","=""5.9e-02""","=""4.4e+00""","=""-0.53""",C+,"=""1.6756148""","=""4.4339461""","=""6s.6p""","=""3P*""","=""2""","=""6s.7d""","=""1D""","=""2""",5,5,,"=""T5495""","=""L9224""",
"=""450.5611""","=""""","=""450.5612+""","=""5""","=""""","=""""","=""""","=""""",,"=""1.6756148""","=""4.4273876""","=""6s.6p""","=""3P*""","=""2""","=""6s.7d""","=""3D""","=""1""",5,3,,"=""""","=""L9224""",
"=""450.7188""","=""""","=""450.7188+""","=""209""","=""1.1e+08""","=""3.4e-01""","=""1.5e+01""","=""0.01""",E,"=""1.5667416""","=""4.3175521""","=""6s.6p""","=""3P*""","=""1""","=""6p2""","=""3P""","=""1""",3,3,,"=""T4515""","=""L9224""",
"=""452.4435""","=""""","=""452.4436+""","=""327""","=""9.6e+07""","=""2.9e-01""","=""2.2e+01""","=""0.2""",E,"=""1.6756148""","=""4.4159389""","=""6s.6p""","=""3P*""","=""2""","=""6s.7d""","=""3D""","=""2""",5,5,,"=""T4515""","=""L9224""",
"=""457.5135""","=""""","=""457.5134+""","=""230""","=""1.21e+08""","=""1.27e-01""","=""5.7e+00""","=""-0.42""",B,"=""1.5667416""","=""4.2766990""","=""6s.6p""","=""3P*""","=""1""","=""6p2""","=""3P""","=""0""",3,1,,"=""T5429""","=""L9224""",
"=""458.0921""","=""""","=""458.0922+""","=""580""","=""7.0e+07""","=""2.2e-01""","=""1.7e+01""","=""0.04""",C+,"=""1.6756148""","=""4.3821487""","=""6s.6p""","=""3P*""","=""2""","=""6p2""","=""3P""","=""2""",5,5,,"=""T5429""","=""L9224""",
"=""459.1042""","=""""","=""459.1042+""","=""22""","=""""","=""""","=""""","=""""",,"=""1.1200690""","=""3.8206366""","=""6s.5d""","=""3D""","=""1""","=""6s.7p""","=""3P*""","=""1""",3,3,,"=""""","=""L9224""",
"=""459.3111""","=""""","=""459.3110+""","=""28""","=""1.6e+06""","=""5.e-03""","=""3.8e-01""","=""-1.6""",E,"=""1.1425765""","=""3.8419281""","=""6s.5d""","=""3D""","=""2""","=""6s.7p""","=""3P*""","=""2""",5,5,,"=""T4515""","=""L9224""",
"=""460.1006""","=""""","=""460.1006+""","=""108""","=""4.1e+07""","=""4.3e-02""","=""1.96e+00""","=""-0.89""",B+,"=""1.5667416""","=""4.2614611""","=""6s.6p""","=""3P*""","=""1""","=""6s.8s""","=""1S""","=""0""",3,1,,"=""T5429""","=""L9224""",
"=""460.6273""","=""""","=""460.6273+""","=""28""","=""7.7e+06""","=""8.e-03""","=""3.7e-01""","=""-1.6""",E,"=""1.1200690""","=""3.8117070""","=""6s.5d""","=""3D""","=""1""","=""6s.7p""","=""3P*""","=""0""",3,1,,"=""T4515""","=""L9224""",
"=""462.1214""","=""""","=""462.1214+""","=""40""","=""2.7e+06""","=""2.6e-02""","=""3.9e-01""","=""-1.59""",C+,"=""1.5207932""","=""4.2037286""","=""6s.6p""","=""3P*""","=""0""","=""6s.8s""","=""3S""","=""1""",1,3,,"=""T5495""","=""L9224""",
"=""462.9627""","=""""","=""462.9627+""","=""63""","=""6.0e+06""","=""1.2e-02""","=""9.e-01""","=""-1.2""",E,"=""1.1425765""","=""3.8206366""","=""6s.5d""","=""3D""","=""2""","=""6s.7p""","=""3P*""","=""1""",5,3,,"=""T4515""","=""L9224""",
"=""467.4927""","=""""","=""467.4927+""","=""133""","=""6.5e+06""","=""1.5e-02""","=""1.6e+00""","=""-1.0""",E,"=""1.1898185""","=""3.8419281""","=""6s.5d""","=""3D""","=""3""","=""6s.7p""","=""3P*""","=""2""",7,5,,"=""T4515""","=""L9224""",
"=""469.2927""","=""""","=""469.2927+""","=""306""","=""1.6e+08""","=""3.2e-01""","=""2.4e+01""","=""0.2""",E,"=""1.6756148""","=""4.3175521""","=""6s.6p""","=""3P*""","=""2""","=""6p2""","=""3P""","=""1""",5,3,,"=""T4515""","=""L9224""",
"=""470.0410""","=""""","=""470.0410+""","=""24""","=""""","=""""","=""""","=""""",,"=""2.2391870""","=""4.8769188""","=""6s.6p""","=""1P*""","=""1""","=""6s.9d""","=""1D""","=""2""",3,5,,"=""""","=""L9224""",
"=""470.1737""","=""""","=""470.1737+""","=""80""","=""6.1e+06""","=""2.0e-02""","=""9.4e-01""","=""-1.22""",C+,"=""1.5667416""","=""4.2037286""","=""6s.6p""","=""3P*""","=""1""","=""6s.8s""","=""3S""","=""1""",3,3,,"=""T5495""","=""L9224""",
"=""472.6035""","=""""","=""472.6035+""","=""8""","=""""","=""""","=""""","=""""",,"=""1.5667416""","=""4.1901713""","=""6s.6p""","=""3P*""","=""1""","=""5d.7s""","=""1D""","=""2""",3,5,,"=""""","=""L9224""",
"=""472.7756""","=""""","=""472.7756+""","=""371""","=""3.3e+07""","=""6.6e-02""","=""5.2e+00""","=""-0.48""",C,"=""1.4128433""","=""4.0353178""","=""6s.5d""","=""1D""","=""2""","=""6s.7p""","=""1P*""","=""1""",5,3,,"=""T5037""","=""L9224""",
"=""487.9009""","=""""","=""487.9009+""","=""66""","=""""","=""""","=""""","=""""",,"=""2.2391870""","=""4.7803629""","=""6s.6p""","=""1P*""","=""1""","=""6p2""","=""1D""","=""2""",3,5,,"=""""","=""L9224""",
"=""490.4217""","=""""","=""490.4217+""","=""63""","=""5.4e+06""","=""1.17e-02""","=""9.4e-01""","=""-1.23""",C+,"=""1.6756148""","=""4.2037286""","=""6s.6p""","=""3P*""","=""2""","=""6s.8s""","=""3S""","=""1""",5,3,,"=""T5495""","=""L9224""",
"=""494.8693""","=""""","=""494.8693+""","=""25""","=""""","=""""","=""""","=""""",,"=""2.2391870""","=""4.7445797""","=""6s.6p""","=""1P*""","=""1""","=""5d.6d""","=""3P""","=""2""",3,5,,"=""""","=""L9224""",
"=""499.7038""","=""""","=""499.7038+""","=""5""","=""""","=""""","=""""","=""""",,"=""1.6756148""","=""4.1567688""","=""6s.6p""","=""3P*""","=""2""","=""5d.7s""","=""3D""","=""3""",5,7,,"=""""","=""L9224""",
"=""505.6367""","=""""","=""505.6367+""","=""19""","=""""","=""""","=""""","=""""",,"=""2.2391870""","=""4.6912279""","=""6s.6p""","=""1P*""","=""1""","=""5d.6d""","=""1D""","=""2""",3,5,,"=""""","=""L9224""",
"=""516.1313""","=""""","=""516.1313+""","=""80""","=""""","=""""","=""""","=""""",,"=""2.2391870""","=""4.6413703""","=""6s.6p""","=""1P*""","=""1""","=""6s.8d""","=""1D""","=""2""",3,5,,"=""""","=""L9224""",
"=""525.5266""","=""""","=""525.5266+""","=""5""","=""""","=""""","=""""","=""""",,"=""2.2391870""","=""4.5984244""","=""6s.6p""","=""1P*""","=""1""","=""5d.6d""","=""3F""","=""2""",3,5,,"=""""","=""L9224""",
"=""530.7177""","=""""","=""530.7177+""","=""6""","=""""","=""""","=""""","=""""",,"=""2.2391870""","=""4.5753480""","=""6s.6p""","=""1P*""","=""1""","=""6s.9s""","=""3S""","=""1""",3,3,,"=""""","=""L9224""",
"=""542.6056""","=""""","=""542.6056+""","=""199""","=""""","=""""","=""""","=""""",,"=""1.5207932""","=""3.8057715""","=""6s.6p""","=""3P*""","=""0""","=""6s.6d""","=""3D""","=""1""",1,3,,"=""""","=""L9224""",
"=""543.8829""","=""""","=""543.8830+""","=""5""","=""""","=""""","=""""","=""""",,"=""2.2391870""","=""4.5187988""","=""6s.6p""","=""1P*""","=""1""","=""5d.6d""","=""1P""","=""1""",3,3,,"=""""","=""L9224""",
"=""552.0577""","=""""","=""552.0577+""","=""280""","=""5.7e+07""","=""4.3e-01""","=""2.4e+01""","=""0.11""",C+,"=""1.5667416""","=""3.8125974""","=""6s.6p""","=""3P*""","=""1""","=""6s.6d""","=""3D""","=""2""",3,5,,"=""T5495""","=""L9224""",
"=""553.7018""","=""""","=""553.7019+""","=""1830""","=""1.190e+08""","=""1.64e+00""","=""2.99e+01""","=""0.215""",A+,"=""0.0000000""","=""2.2391870""","=""6s2""","=""1S""","=""0""","=""6s.6p""","=""1P*""","=""1""",1,3,,"=""T3202""","=""L9224""",
"=""553.7407""","=""""","=""553.7407+""","=""112""","=""""","=""""","=""""","=""""",,"=""1.5667416""","=""3.8057715""","=""6s.6p""","=""3P*""","=""1""","=""6s.6d""","=""3D""","=""1""",3,3,,"=""""","=""L9224""",
"=""559.4861""","=""""","=""559.4861+""","=""5""","=""""","=""""","=""""","=""""",,"=""2.2391870""","=""4.4552241""","=""6s.6p""","=""1P*""","=""1""","=""5d.6d""","=""3D""","=""1""",3,3,,"=""""","=""L9224""",
"=""568.1571""","=""""","=""568.1571+""","=""21""","=""""","=""""","=""""","=""""",,"=""1.1425765""","=""3.3247932""","=""6s.5d""","=""3D""","=""2""","=""5d.6p""","=""1F*""","=""3""",5,7,,"=""""","=""L9224""",
"=""568.1752""","=""""","=""568.1753+""","=""41""","=""""","=""""","=""""","=""""",,"=""1.5667416""","=""3.7488886""","=""6s.6p""","=""3P*""","=""1""","=""6s.6d""","=""1D""","=""2""",3,5,,"=""""","=""L9224""",
"=""577.9220""","=""""","=""577.9221+""","=""740""","=""8.0e+07""","=""5.6e-01""","=""5.3e+01""","=""0.45""",C+,"=""1.6756148""","=""3.8209593""","=""6s.6p""","=""3P*""","=""2""","=""6s.6d""","=""3D""","=""3""",5,7,,"=""T5495""","=""L9224""",
"=""578.5646""","=""""","=""578.5647+""","=""5""","=""2.1e+07""","=""1.8e-01""","=""1.0e+01""","=""-0.28""",C,"=""2.2391870""","=""4.3821487""","=""6s.6p""","=""1P*""","=""1""","=""6p2""","=""3P""","=""2""",3,5,,"=""T5429""","=""L9224""",
"=""580.1834""","=""""","=""580.1835+""","=""203""","=""2.4e+07""","=""1.21e-01""","=""1.15e+01""","=""-0.22""",C+,"=""1.6756148""","=""3.8125974""","=""6s.6p""","=""3P*""","=""2""","=""6s.6d""","=""3D""","=""2""",5,5,,"=""T5495""","=""L9224""",
"=""580.7291""","=""""","=""580.7291+""","=""419""","=""1.1e+06""","=""6.e-03""","=""7.e-01""","=""-1.4""",E,"=""1.1898185""","=""3.3247932""","=""6s.5d""","=""3D""","=""3""","=""5d.6p""","=""1F*""","=""3""",7,7,,"=""T4515""","=""L9224""",
"=""582.0425""","=""""","=""582.0426+""","=""14""","=""""","=""""","=""""","=""""",,"=""1.6756148""","=""3.8057715""","=""6s.6p""","=""3P*""","=""2""","=""6s.6d""","=""3D""","=""1""",5,3,,"=""""","=""L9224""",
"=""582.7889""","=""""","=""582.7889+""","=""610""","=""4.5e+07""","=""1.38e-01""","=""1.32e+01""","=""-0.16""",B,"=""1.4128433""","=""3.5402722""","=""6s.5d""","=""1D""","=""2""","=""5d.6p""","=""1P*""","=""1""",5,3,,"=""T5037""","=""L9224""",
"=""590.9273""","=""""","=""590.9274+""","=""94""","=""3.6e+06""","=""3.1e-02""","=""1.8e+00""","=""-1.0""",E,"=""1.1200690""","=""3.2181982""","=""6s.5d""","=""3D""","=""1""","=""5d.6p""","=""3P*""","=""2""",3,5,,"=""T4515""","=""L9224""",
"=""597.3352""","=""""","=""597.3352+""","=""700""","=""1.6e+07""","=""8.7e-02""","=""8.5e+00""","=""-0.36""",C+,"=""1.1425765""","=""3.2181982""","=""6s.5d""","=""3D""","=""2""","=""5d.6p""","=""3P*""","=""2""",5,5,,"=""T5495""","=""L9224""",
"=""598.0117""","=""""","=""598.0117+""","=""8""","=""""","=""""","=""""","=""""",,"=""1.6756148""","=""3.7488886""","=""6s.6p""","=""3P*""","=""2""","=""6s.6d""","=""1D""","=""2""",5,5,,"=""""","=""L9224""",
"=""599.8748""","=""""","=""599.8748+""","=""620""","=""2.8e+07""","=""1.5e-01""","=""8.9e+00""","=""-0.34""",C+,"=""1.1200690""","=""3.1869035""","=""6s.5d""","=""3D""","=""1""","=""5d.6p""","=""3P*""","=""1""",3,3,,"=""T5495""","=""L9224""",
"=""602.1137""","=""""","=""602.1137+""","=""610""","=""8.1e+07""","=""1.5e-01""","=""8.7e+00""","=""-0.36""",C,"=""1.1200690""","=""3.1792184""","=""6s.5d""","=""3D""","=""1""","=""5d.6p""","=""3P*""","=""0""",3,1,,"=""T5495""","=""L9224""",
"=""606.4793""","=""""","=""606.4793+""","=""840""","=""5.6e+07""","=""1.9e-01""","=""1.9e+01""","=""-0.03""",C+,"=""1.1425765""","=""3.1869035""","=""6s.5d""","=""3D""","=""2""","=""5d.6p""","=""3P*""","=""1""",5,3,,"=""T5495""","=""L9224""",
"=""608.5078""","=""""","=""608.5078+""","=""5""","=""1.1e+07""","=""2.0e-02""","=""1.2e+00""","=""-1.21""",D+,"=""2.2391870""","=""4.2766990""","=""6s.6p""","=""1P*""","=""1""","=""6p2""","=""3P""","=""0""",3,1,,"=""T5429""","=""L9224""",
"=""611.2474""","=""""","=""611.2475+""","=""880""","=""1.0e+08""","=""4.0e-01""","=""6.e+01""","=""0.4""",E,"=""1.1898185""","=""3.2181982""","=""6s.5d""","=""3D""","=""3""","=""5d.6p""","=""3P*""","=""2""",7,5,,"=""T4515""","=""L9224""",
"=""613.0929""","=""""","=""613.0929+""","=""5""","=""6.0e+06""","=""1.1e-02""","=""6.8e-01""","=""-1.47""",C,"=""2.2391870""","=""4.2614611""","=""6s.6p""","=""1P*""","=""1""","=""6s.8s""","=""1S""","=""0""",3,1,,"=""T5429""","=""L9224""",
"=""634.3433""","=""""","=""634.3434+""","=""900""","=""1.16e+07""","=""9.8e-02""","=""1.02e+01""","=""-0.31""",C+,"=""1.1425765""","=""3.0971047""","=""6s.5d""","=""3D""","=""2""","=""5d.6p""","=""3D*""","=""3""",5,7,,"=""T5495""","=""L9224""",
"=""641.2884""","=""""","=""641.2884+""","=""3""","=""""","=""""","=""""","=""""",,"=""1.5667416""","=""3.5001026""","=""6s.6p""","=""3P*""","=""1""","=""6s.7s""","=""1S""","=""0""",3,1,,"=""""","=""L9224""",
"=""645.2634""","=""""","=""645.2634+""","=""580""","=""1.10e+07""","=""1.15e-01""","=""7.3e+00""","=""-0.46""",B,"=""1.1200690""","=""3.0415200""","=""6s.5d""","=""3D""","=""1""","=""5d.6p""","=""3D*""","=""2""",3,5,,"=""T5037,T5495""","=""L9224""",
"=""648.4699""","=""""","=""648.4699+""","=""1770""","=""4.4e+07""","=""3.9e-01""","=""4.1e+01""","=""0.3""",E,"=""1.4128433""","=""3.3247932""","=""6s.5d""","=""1D""","=""2""","=""5d.6p""","=""1F*""","=""3""",5,7,,"=""T4515""","=""L9224""",
"=""650.0556""","=""""","=""650.0555+""","=""1060""","=""5.4e+07""","=""3.4e-01""","=""5.1e+01""","=""0.38""",C+,"=""1.1898185""","=""3.0971047""","=""6s.5d""","=""3D""","=""3""","=""5d.6p""","=""3D*""","=""3""",7,7,,"=""T5495""","=""L9224""",
"=""652.9114""","=""""","=""652.9115+""","=""890""","=""3.3e+07""","=""2.11e-01""","=""2.26e+01""","=""0.02""",B,"=""1.1425765""","=""3.0415200""","=""6s.5d""","=""3D""","=""2""","=""5d.6p""","=""3D*""","=""2""",5,5,,"=""T5037,T5495""","=""L9224""",
"=""659.7147""","=""""","=""659.7147+""","=""740""","=""3.8e+07""","=""2.48e-01""","=""1.61e+01""","=""-0.13""",B+,"=""1.1200690""","=""2.9994298""","=""6s.5d""","=""3D""","=""1""","=""5d.6p""","=""3D*""","=""1""",3,3,,"=""T5037,T5495""","=""L9224""",
"=""665.5951""","=""""","=""665.5951+""","=""9""","=""""","=""""","=""""","=""""",,"=""2.7356673""","=""4.5984244""","=""5d.6p""","=""3F*""","=""2""","=""5d.6d""","=""3F""","=""2""",5,5,,"=""""","=""L9224""",
"=""667.7113""","=""""","=""667.7113+""","=""462""","=""1.89e+07""","=""7.6e-02""","=""8.3e+00""","=""-0.42""",B+,"=""1.1425765""","=""2.9994298""","=""6s.5d""","=""3D""","=""2""","=""5d.6p""","=""3D*""","=""1""",5,3,,"=""T5037,T5495""","=""L9224""",
"=""669.5690""","=""""","=""669.5690+""","=""454""","=""1.46e+07""","=""7.0e-02""","=""1.08e+01""","=""-0.31""",B,"=""1.1898185""","=""3.0415200""","=""6s.5d""","=""3D""","=""3""","=""5d.6p""","=""3D*""","=""2""",7,5,,"=""T5037,T5495""","=""L9224""",
"=""677.3727""","=""""","=""677.3729+""","=""4""","=""""","=""""","=""""","=""""",,"=""2.8608594""","=""4.6912279""","=""5d.6p""","=""1D*""","=""2""","=""5d.6d""","=""1D""","=""2""",5,5,,"=""""","=""L9224""",
"=""686.7580""","=""""","=""686.7580+""","=""62""","=""7.8e+06""","=""6.e-02""","=""6.e+00""","=""-0.6""",E,"=""1.4128433""","=""3.2181982""","=""6s.5d""","=""1D""","=""2""","=""5d.6p""","=""3P*""","=""2""",5,5,,"=""T4515""","=""L9224""",
"=""686.9800""","=""""","=""686.9800+""","=""8""","=""""","=""""","=""""","=""""",,"=""2.8451178""","=""4.6498894""","=""5d.6p""","=""3F*""","=""3""","=""5d.6d""","=""3F""","=""3""",7,7,,"=""""","=""L9224""",
"=""696.3402""","=""""","=""696.3406+""","=""1""","=""""","=""""","=""""","=""""",,"=""2.8608594""","=""4.6413703""","=""5d.6p""","=""1D*""","=""2""","=""6s.8d""","=""1D""","=""2""",5,5,,"=""""","=""L9224""",
"=""706.1890""","=""""","=""706.1890+""","=""770""","=""5.0e+07""","=""4.8e-01""","=""7.8e+01""","=""0.53""",C,"=""1.1898185""","=""2.9454987""","=""6s.5d""","=""3D""","=""3""","=""5d.6p""","=""3F*""","=""4""",7,9,,"=""T5495""","=""L9224""",
"=""709.1863""","=""""","=""709.1863+""","=""6""","=""""","=""""","=""""","=""""",,"=""2.7356673""","=""4.4839272""","=""5d.6p""","=""3F*""","=""2""","=""5d.6d""","=""1F""","=""3""",5,7,,"=""""","=""L9224""",
"=""712.2294""","=""""","=""712.2294+""","=""530""","=""1.1e+07""","=""1.4e-01""","=""9.8e+00""","=""-0.38""",C,"=""1.1200690""","=""2.8608594""","=""6s.5d""","=""3D""","=""1""","=""5d.6p""","=""1D*""","=""2""",3,5,,"=""T5037""","=""L9224""",
"=""715.5596""","=""""","=""715.5595+""","=""5""","=""""","=""""","=""""","=""""",,"=""2.9454987""","=""4.6781875""","=""5d.6p""","=""3F*""","=""4""","=""5d.6d""","=""3F""","=""4""",9,9,,"=""""","=""L9224""",
"=""719.7213""","=""""","=""719.7212+""","=""53""","=""5.6e+06""","=""1.31e-01""","=""3.1e+00""","=""-0.88""",C+,"=""1.5207932""","=""3.2434630""","=""6s.6p""","=""3P*""","=""0""","=""6s.7s""","=""3S""","=""1""",1,3,,"=""T5495""","=""L9224""",
"=""723.0788""","=""""","=""723.0789+""","=""25""","=""""","=""""","=""""","=""""",,"=""2.7356673""","=""4.4503378""","=""5d.6p""","=""3F*""","=""2""","=""5d.6d""","=""3G""","=""3""",5,7,,"=""""","=""L9224""",
"=""723.1560""","=""""","=""723.1556+""","=""1""","=""""","=""""","=""""","=""""",,"=""2.8608594""","=""4.5753480""","=""5d.6p""","=""1D*""","=""2""","=""6s.9s""","=""3S""","=""1""",5,3,,"=""""","=""L9224""",
"=""728.2302""","=""""","=""728.2302+""","=""1280""","=""3.2e+07""","=""3.6e-01""","=""4.3e+01""","=""0.25""",C+,"=""1.1425765""","=""2.8451178""","=""6s.5d""","=""3D""","=""2""","=""5d.6p""","=""3F*""","=""3""",5,7,,"=""T5037,T5495""","=""L9224""",
"=""736.1335""","=""""","=""736.1340+""","=""2""","=""""","=""""","=""""","=""""",,"=""1.4128433""","=""3.0971047""","=""6s.5d""","=""1D""","=""2""","=""5d.6p""","=""3D*""","=""3""",5,7,,"=""""","=""L9224""",
"=""737.7534""","=""""","=""737.7533+""","=""3""","=""""","=""""","=""""","=""""",,"=""2.8608594""","=""4.5414238""","=""5d.6p""","=""1D*""","=""2""","=""5d.6d""","=""3D""","=""3""",5,7,,"=""""","=""L9224""",
"=""739.4441""","=""""","=""739.4442+""","=""143""","=""1.8e+07""","=""1.5e-01""","=""1.08e+01""","=""-0.35""",C+,"=""1.5667416""","=""3.2434630""","=""6s.6p""","=""3P*""","=""1""","=""6s.7s""","=""3S""","=""1""",3,3,,"=""T5495""","=""L9224""",
"=""741.2050""","=""""","=""741.2049+""","=""1""","=""""","=""""","=""""","=""""",,"=""3.0415200""","=""4.7142585""","=""5d.6p""","=""3D*""","=""2""","=""5d.6d""","=""3P""","=""1""",5,3,,"=""""","=""L9224""",
"=""741.9579""","=""""","=""741.9579+""","=""30""","=""7.7e+05""","=""4.5e-03""","=""7.8e-01""","=""-1.50""",C,"=""1.1898185""","=""2.8608594""","=""6s.5d""","=""3D""","=""3""","=""5d.6p""","=""1D*""","=""2""",7,5,,"=""T5037""","=""L9224""",
"=""746.1718""","=""""","=""746.1719+""","=""29""","=""""","=""""","=""""","=""""",,"=""2.8451178""","=""4.5067216""","=""5d.6p""","=""3F*""","=""3""","=""5d.6d""","=""3G""","=""4""",7,9,,"=""""","=""L9224""",
"=""749.0137""","=""""","=""749.0137+""","=""253""","=""7.3e+06""","=""6.1e-02""","=""1.06e+01""","=""-0.37""",C+,"=""1.1898185""","=""2.8451178""","=""6s.5d""","=""3D""","=""3""","=""5d.6p""","=""3F*""","=""3""",7,7,,"=""T5037,T5495""","=""L9224""",
"=""751.5524""","=""""","=""751.5524+""","=""2""","=""""","=""""","=""""","=""""",,"=""3.0415200""","=""4.6912279""","=""5d.6p""","=""3D*""","=""2""","=""5d.6d""","=""1D""","=""2""",5,5,,"=""""","=""L9224""",
"=""752.5714""","=""""","=""752.5710+""","=""1""","=""""","=""""","=""""","=""""",,"=""3.0971047""","=""4.7445797""","=""5d.6p""","=""3D*""","=""3""","=""5d.6d""","=""3P""","=""2""",7,5,,"=""""","=""L9224""",
"=""761.2572""","=""""","=""761.2573+""","=""22""","=""1.1e+06""","=""9.6e-03""","=""1.2e+00""","=""-1.32""",C,"=""1.4128433""","=""3.0415200""","=""6s.5d""","=""1D""","=""2""","=""5d.6p""","=""3D*""","=""2""",5,5,,"=""T5037""","=""L9224""",
"=""763.8879""","=""""","=""763.8880+""","=""14""","=""""","=""""","=""""","=""""",,"=""2.8608594""","=""4.4839272""","=""5d.6p""","=""1D*""","=""2""","=""5d.6d""","=""1F""","=""3""",5,7,,"=""""","=""L9224""",
"=""764.4897""","=""""","=""764.4897+""","=""23""","=""""","=""""","=""""","=""""",,"=""2.9454987""","=""4.5672890""","=""5d.6p""","=""3F*""","=""4""","=""5d.6d""","=""3G""","=""5""",9,11,,"=""""","=""L9224""",
"=""767.4197""","=""""","=""767.4197+""","=""560""","=""1.5e+07""","=""2.2e-01""","=""1.7e+01""","=""-0.17""",C,"=""1.1200690""","=""2.7356673""","=""6s.5d""","=""3D""","=""1""","=""5d.6p""","=""3F*""","=""2""",3,5,,"=""T5037""","=""L9224""",
"=""770.8688""","=""""","=""770.8689+""","=""3""","=""""","=""""","=""""","=""""",,"=""3.0415200""","=""4.6498894""","=""5d.6p""","=""3D*""","=""2""","=""5d.6d""","=""3F""","=""3""",5,7,,"=""""","=""L9224""",
"=""775.3886""","=""""","=""775.3885+""","=""3""","=""""","=""""","=""""","=""""",,"=""2.9994298""","=""4.5984244""","=""5d.6p""","=""3D*""","=""1""","=""5d.6d""","=""3F""","=""2""",3,5,,"=""""","=""L9224""",
"=""778.2619""","=""""","=""778.2620+""","=""299""","=""7.6e+06""","=""6.9e-02""","=""8.8e+00""","=""-0.46""",C,"=""1.1425765""","=""2.7356673""","=""6s.5d""","=""3D""","=""2""","=""5d.6p""","=""3F*""","=""2""",5,5,,"=""T5037""","=""L9224""",
"=""784.1726""","=""""","=""784.1727+""","=""5""","=""""","=""""","=""""","=""""",,"=""3.0971047""","=""4.6781875""","=""5d.6p""","=""3D*""","=""3""","=""5d.6d""","=""3F""","=""4""",7,9,,"=""""","=""L9224""",
"=""787.9968""","=""""","=""787.9965+""","=""2""","=""1.6e+06""","=""2.5e-02""","=""1.9e+00""","=""-1.13""",C+,"=""2.2391870""","=""3.8125974""","=""6s.6p""","=""1P*""","=""1""","=""6s.6d""","=""3D""","=""2""",3,5,,"=""T5495""","=""L9224""",
"=""790.7922""","=""""","=""790.7921+""","=""150""","=""2.6e+07""","=""1.5e-01""","=""1.9e+01""","=""-0.13""",C+,"=""1.6756148""","=""3.2434630""","=""6s.6p""","=""3P*""","=""2""","=""6s.7s""","=""3S""","=""1""",5,3,,"=""T5495""","=""L9224""",
"=""791.3505""","=""""","=""791.3507+""","=""160""","=""2.98e+05""","=""8.4e-03""","=""2.2e-01""","=""-2.08""",D,"=""0.0000000""","=""1.5667416""","=""6s2""","=""1S""","=""0""","=""6s.6p""","=""3P*""","=""1""",1,3,,"=""T4515""","=""L9224""",
"=""798.4636""","=""""","=""798.4636+""","=""1""","=""""","=""""","=""""","=""""",,"=""3.0971047""","=""4.6498894""","=""5d.6p""","=""3D*""","=""3""","=""5d.6d""","=""3F""","=""3""",7,7,,"=""""","=""L9224""",
"=""812.2750""","=""""","=""812.2753+""","=""2""","=""""","=""""","=""""","=""""",,"=""3.2181982""","=""4.7445797""","=""5d.6p""","=""3P*""","=""2""","=""5d.6d""","=""3P""","=""2""",5,5,,"=""""","=""L9224""",
"=""821.2496""","=""""","=""821.2497+""","=""70""","=""""","=""""","=""""","=""""",,"=""2.2391870""","=""3.7488886""","=""6s.6p""","=""1P*""","=""1""","=""6s.6d""","=""1D""","=""2""",3,5,,"=""""","=""L9224""",
"=""851.6599""","=""""","=""851.6601+""","=""2""","=""""","=""""","=""""","=""""",,"=""2.9994298""","=""4.4552241""","=""5d.6p""","=""3D*""","=""1""","=""5d.6d""","=""3D""","=""1""",3,3,,"=""""","=""L9224""",
"=""856.2350""","=""""","=""856.2350+""","=""700""","=""2.0e+07""","=""2.2e-01""","=""3.1e+01""","=""0.04""",C+,"=""1.4128433""","=""2.8608594""","=""6s.5d""","=""1D""","=""2""","=""5d.6p""","=""1D*""","=""2""",5,5,,"=""T5037""","=""L9224""",
"=""856.9789""","=""""","=""856.9789+""","=""5""","=""""","=""""","=""""","=""""",,"=""3.0415200""","=""4.4882791""","=""5d.6p""","=""3D*""","=""2""","=""5d.6d""","=""3D""","=""2""",5,5,,"=""""","=""L9224""",
"=""858.4266""","=""""","=""858.4266+""","=""4""","=""""","=""""","=""""","=""""",,"=""3.0971047""","=""4.5414238""","=""5d.6p""","=""3D*""","=""3""","=""5d.6d""","=""3D""","=""3""",7,7,,"=""""","=""L9224""",
"=""865.6455""","=""""","=""865.6455+""","=""13""","=""3.1e+05""","=""4.9e-03""","=""7.e-01""","=""-1.61""",D+,"=""1.4128433""","=""2.8451178""","=""6s.5d""","=""1D""","=""2""","=""5d.6p""","=""3F*""","=""3""",5,7,,"=""T5037""","=""L9224""",
"=""879.5599""","=""""","=""879.5595+""","=""2""","=""""","=""""","=""""","=""""",,"=""3.0971047""","=""4.5067216""","=""5d.6p""","=""3D*""","=""3""","=""5d.6d""","=""3G""","=""4""",7,9,,"=""""","=""L9224""",
"=""880.2252""","=""""","=""880.2253+""","=""5""","=""""","=""""","=""""","=""""",,"=""3.3247932""","=""4.7333440""","=""5d.6p""","=""1F*""","=""3""","=""5d.6d""","=""1G""","=""4""",7,9,,"=""""","=""L9224""",
"=""886.3447""","=""""","=""886.3447+""","=""43""","=""""","=""""","=""""","=""""",,"=""1.5667416""","=""2.9655675""","=""6s.6p""","=""3P*""","=""1""","=""5d2""","=""3P""","=""2""",3,5,,"=""""","=""L9224""",
"=""891.7461""","=""""","=""891.7463+""","=""80""","=""""","=""""","=""""","=""""",,"=""1.5207932""","=""2.9111460""","=""6s.6p""","=""3P*""","=""0""","=""5d2""","=""3P""","=""1""",1,3,,"=""""","=""L9224""",
"=""894.0161""","=""""","=""894.0163+""","=""2""","=""""","=""""","=""""","=""""",,"=""3.0971047""","=""4.4839272""","=""5d.6p""","=""3D*""","=""3""","=""5d.6d""","=""1F""","=""3""",7,7,,"=""""","=""L9224""",
"=""913.5636""","=""""","=""913.5631+""","=""2""","=""""","=""""","=""""","=""""",,"=""3.2181982""","=""4.5753480""","=""5d.6p""","=""3P*""","=""2""","=""6s.9s""","=""3S""","=""1""",5,3,,"=""""","=""L9224""",
"=""919.1913""","=""""","=""919.1912+""","=""12""","=""""","=""""","=""""","=""""",,"=""2.7356673""","=""4.0845074""","=""5d.6p""","=""3F*""","=""2""","=""5d.7s""","=""3D""","=""2""",5,5,,"=""""","=""L9224""",
"=""921.7792""","=""""","=""921.7789+""","=""4""","=""""","=""""","=""""","=""""",,"=""2.8451178""","=""4.1901713""","=""5d.6p""","=""3F*""","=""3""","=""5d.7s""","=""1D""","=""2""",7,5,,"=""""","=""L9224""",
"=""922.2239""","=""""","=""922.2240+""","=""56""","=""""","=""""","=""""","=""""",,"=""1.5667416""","=""2.9111460""","=""6s.6p""","=""3P*""","=""1""","=""5d2""","=""3P""","=""1""",3,3,,"=""""","=""L9224""",
"=""925.5449""","=""""","=""925.5451+""","=""3""","=""""","=""""","=""""","=""""",,"=""3.1792184""","=""4.5187988""","=""5d.6p""","=""3P*""","=""0""","=""5d.6d""","=""1P""","=""1""",1,3,,"=""""","=""L9224""",
"=""931.0532""","=""""","=""931.0533+""","=""18""","=""""","=""""","=""""","=""""",,"=""2.7356673""","=""4.0673226""","=""5d.6p""","=""3F*""","=""2""","=""5d.7s""","=""3D""","=""1""",5,3,,"=""""","=""L9224""",
"=""932.6945""","=""""","=""932.6945+""","=""18""","=""""","=""""","=""""","=""""",,"=""2.8608594""","=""4.1901713""","=""5d.6p""","=""1D*""","=""2""","=""5d.7s""","=""1D""","=""2""",5,5,,"=""""","=""L9224""",
"=""936.9847""","=""""","=""936.9846+""","=""9""","=""""","=""""","=""""","=""""",,"=""3.2181982""","=""4.5414238""","=""5d.6p""","=""3P*""","=""2""","=""5d.6d""","=""3D""","=""3""",5,7,,"=""""","=""L9224""",
"=""937.2690""","=""""","=""937.2691+""","=""510""","=""7.6e+06""","=""1.0e-01""","=""1.5e+01""","=""-0.30""",C,"=""1.4128433""","=""2.7356673""","=""6s.5d""","=""1D""","=""2""","=""5d.6p""","=""3F*""","=""2""",5,5,,"=""T5037""","=""L9224""",
"=""940.1044""","=""""","=""940.1045+""","=""3""","=""""","=""""","=""""","=""""",,"=""3.0971047""","=""4.4159389""","=""5d.6p""","=""3D*""","=""3""","=""6s.7d""","=""3D""","=""2""",7,5,,"=""""","=""L9224""",
"=""940.6121""","=""""","=""940.6123+""","=""3""","=""""","=""""","=""""","=""""",,"=""2.9994298""","=""4.3175521""","=""5d.6p""","=""3D*""","=""1""","=""6p2""","=""3P""","=""1""",3,3,,"=""""","=""L9224""",
"=""941.7167""","=""""","=""941.7162+""","=""2""","=""""","=""""","=""""","=""""",,"=""3.3247932""","=""4.6413703""","=""5d.6p""","=""1F*""","=""3""","=""6s.8d""","=""1D""","=""2""",7,5,,"=""""","=""L9224""",
"=""945.2529""","=""""","=""945.2530+""","=""7""","=""""","=""""","=""""","=""""",,"=""2.8451178""","=""4.1567688""","=""5d.6p""","=""3F*""","=""3""","=""5d.7s""","=""3D""","=""3""",7,7,,"=""""","=""L9224""",
"=""945.8567""","=""""","=""945.8568+""","=""89""","=""""","=""""","=""""","=""""",,"=""1.5667416""","=""2.8775552""","=""6s.6p""","=""3P*""","=""1""","=""5d2""","=""3P""","=""0""",3,1,,"=""""","=""L9224""",
"=""952.7164""","=""""","=""952.7165+""","=""8""","=""""","=""""","=""""","=""""",,"=""3.1869035""","=""4.4882791""","=""5d.6p""","=""3P*""","=""1""","=""5d.6d""","=""3D""","=""2""",3,5,,"=""""","=""L9224""",
"=""959.1933""","=""""","=""959.1932+""","=""36""","=""""","=""""","=""""","=""""",,"=""1.5667416""","=""2.8593299""","=""6s.6p""","=""3P*""","=""1""","=""5d2""","=""1D""","=""2""",3,5,,"=""""","=""L9224""",
"=""961.1530""","=""""","=""961.1531+""","=""184""","=""""","=""""","=""""","=""""",,"=""1.6756148""","=""2.9655675""","=""6s.6p""","=""3P*""","=""2""","=""5d2""","=""3P""","=""2""",5,5,,"=""""","=""L9224""",
"=""964.8245""","=""""","=""964.8245+""","=""9""","=""1.1e+07""","=""1.1e-01""","=""2.4e+01""","=""-0.11""",C,"=""3.0971047""","=""4.3821487""","=""5d.6p""","=""3D*""","=""3""","=""6p2""","=""3P""","=""2""",7,5,,"=""T5429""","=""L9224""",
"=""970.6970""","=""""","=""970.6975+""","=""4""","=""1.6e+07""","=""7.5e-02""","=""7.2e+00""","=""-0.65""",C,"=""2.9994298""","=""4.2766990""","=""5d.6p""","=""3D*""","=""1""","=""6p2""","=""3P""","=""0""",3,1,,"=""T5429""","=""L9224""",
"=""971.6383""","=""""","=""971.6386+""","=""11""","=""""","=""""","=""""","=""""",,"=""3.0415200""","=""4.3175521""","=""5d.6p""","=""3D*""","=""2""","=""6p2""","=""3P""","=""1""",5,3,,"=""""","=""L9224""",
"=""982.429""","=""0.005""","=""982.4178+""","=""3h""","=""5.5e+06""","=""2.7e-02""","=""2.6e+00""","=""-1.10""",D+,"=""2.9994298""","=""4.2614611""","=""5d.6p""","=""3D*""","=""1""","=""6s.8s""","=""1S""","=""0""",3,1,,"=""T5429""","=""L7361""",
"=""983.2870""","=""""","=""983.2871+""","=""83""","=""""","=""""","=""""","=""""",,"=""2.2391870""","=""3.5001026""","=""6s.6p""","=""1P*""","=""1""","=""6s.7s""","=""1S""","=""0""",3,1,,"=""""","=""L9224""",
"=""1000.3650""","=""""","=""1000.3650+""","=""116""","=""""","=""""","=""""","=""""",,"=""2.8451178""","=""4.0845074""","=""5d.6p""","=""3F*""","=""3""","=""5d.7s""","=""3D""","=""2""",7,5,,"=""""","=""L9224""",
"=""1003.4889""","=""""","=""1003.4890+""","=""760""","=""""","=""""","=""""","=""""",,"=""1.6756148""","=""2.9111460""","=""6s.6p""","=""3P*""","=""2""","=""5d2""","=""3P""","=""1""",5,3,,"=""""","=""L9224""",
"=""1013.2343""","=""""","=""1013.2342+""","=""10""","=""""","=""""","=""""","=""""",,"=""2.8608594""","=""4.0845074""","=""5d.6p""","=""1D*""","=""2""","=""5d.7s""","=""3D""","=""2""",5,5,,"=""""","=""L9224""",
"=""1019.0784""","=""""","=""1019.0785+""","=""12""","=""""","=""""","=""""","=""""",,"=""3.3247932""","=""4.5414238""","=""5d.6p""","=""1F*""","=""3""","=""5d.6d""","=""3D""","=""3""",7,7,,"=""""","=""L9224""",
"=""1023.5884""","=""""","=""1023.5884+""","=""169""","=""""","=""""","=""""","=""""",,"=""2.9454987""","=""4.1567688""","=""5d.6p""","=""3F*""","=""4""","=""5d.7s""","=""3D""","=""3""",9,7,,"=""""","=""L9224""",
"=""1027.6665""","=""""","=""1027.6666+""","=""32""","=""""","=""""","=""""","=""""",,"=""2.8608594""","=""4.0673226""","=""5d.6p""","=""1D*""","=""2""","=""5d.7s""","=""3D""","=""1""",5,3,,"=""""","=""L9224""",
"=""1035.1504""","=""""","=""1035.1506+""","=""6""","=""""","=""""","=""""","=""""",,"=""3.2181982""","=""4.4159389""","=""5d.6p""","=""3P*""","=""2""","=""6s.7d""","=""3D""","=""2""",5,5,,"=""""","=""L9224""",
"=""1037.3123""","=""""","=""1037.3118+""","=""4""","=""1.3e+06""","=""3.5e-02""","=""3.6e+00""","=""-0.98""",C,"=""3.1869035""","=""4.3821487""","=""5d.6p""","=""3P*""","=""1""","=""6p2""","=""3P""","=""2""",3,5,,"=""T5429""","=""L9224""",
"=""1047.4159""","=""""","=""1047.4159+""","=""354""","=""""","=""""","=""""","=""""",,"=""1.6756148""","=""2.8593299""","=""6s.6p""","=""3P*""","=""2""","=""5d2""","=""1D""","=""2""",5,5,,"=""""","=""L9224""",
"=""1054.2974""","=""""","=""1054.2983+""","=""5""","=""1.8e+06""","=""1.8e-02""","=""3.1e+00""","=""-1.0""",D,"=""2.8593299""","=""4.0353178""","=""5d2""","=""1D""","=""2""","=""6s.7p""","=""1P*""","=""1""",5,3,,"=""T5037""","=""L9224""",
"=""1065.2020""","=""""","=""1065.2016+""","=""6""","=""2.7e+06""","=""4.6e-02""","=""8.1e+00""","=""-0.64""",C,"=""3.2181982""","=""4.3821487""","=""5d.6p""","=""3P*""","=""2""","=""6p2""","=""3P""","=""2""",5,5,,"=""T5429""","=""L9224""",
"=""1069.6279""","=""""","=""1069.6279+""","=""6""","=""""","=""""","=""""","=""""",,"=""3.3247932""","=""4.4839272""","=""5d.6p""","=""1F*""","=""3""","=""5d.6d""","=""1F""","=""3""",7,7,,"=""""","=""L9224""",
"=""1079.3892""","=""""","=""1079.3893+""","=""14""","=""""","=""""","=""""","=""""",,"=""3.0415200""","=""4.1901713""","=""5d.6p""","=""3D*""","=""2""","=""5d.7s""","=""1D""","=""2""",5,5,,"=""""","=""L9224""",
"=""1101.5488""","=""""","=""1101.5486+""","=""12""","=""""","=""""","=""""","=""""",,"=""3.3247932""","=""4.4503378""","=""5d.6p""","=""1F*""","=""3""","=""5d.6d""","=""3G""","=""3""",7,7,,"=""""","=""L9224""",
"=""1107.8735""","=""""","=""1107.8743+""","=""6""","=""3.1e+03""","=""5.7e-05""","=""6.e-03""","=""-3.77""",D+,"=""1.1200690""","=""2.2391870""","=""6s.5d""","=""3D""","=""1""","=""6s.6p""","=""1P*""","=""1""",3,3,,"=""T5649""","=""L9224""",
"=""1111.7178""","=""""","=""1111.7179+""","=""24""","=""""","=""""","=""""","=""""",,"=""3.0415200""","=""4.1567688""","=""5d.6p""","=""3D*""","=""2""","=""5d.7s""","=""3D""","=""3""",5,7,,"=""""","=""L9224""",
"=""1126.0049""","=""""","=""1126.0050+""","=""4""","=""""","=""""","=""""","=""""",,"=""3.5402722""","=""4.6413703""","=""5d.6p""","=""1P*""","=""1""","=""6s.8d""","=""1D""","=""2""",3,5,,"=""""","=""L9224""",
"=""1130.6130""","=""""","=""1130.6129+""","=""235""","=""1.1e+05""","=""1.3e-03""","=""2.4e-01""","=""-2.20""",C,"=""1.1425765""","=""2.2391870""","=""6s.5d""","=""3D""","=""2""","=""6s.6p""","=""1P*""","=""1""",5,3,,"=""T5649""","=""L9224""",
"=""1137.699""","=""0.005""","=""1137.6831+""","=""5h""","=""1.3e+07""","=""8.4e-02""","=""9.4e+00""","=""-0.60""",C,"=""3.1869035""","=""4.2766990""","=""5d.6p""","=""3P*""","=""1""","=""6p2""","=""3P""","=""0""",3,1,,"=""T5429""","=""L7361""",
"=""1142.6298""","=""""","=""1142.6298+""","=""19""","=""""","=""""","=""""","=""""",,"=""2.9994298""","=""4.0845074""","=""5d.6p""","=""3D*""","=""1""","=""5d.7s""","=""3D""","=""2""",3,5,,"=""""","=""L9224""",
"=""1158.6184""","=""""","=""1158.6181+""","=""4""","=""""","=""""","=""""","=""""",,"=""2.7356673""","=""3.8057715""","=""5d.6p""","=""3F*""","=""2""","=""6s.6d""","=""3D""","=""1""",5,3,,"=""""","=""L9224""",
"=""1161.0173""","=""""","=""1161.0173+""","=""48""","=""""","=""""","=""""","=""""",,"=""2.9994298""","=""4.0673226""","=""5d.6p""","=""3D*""","=""1""","=""5d.7s""","=""3D""","=""1""",3,3,,"=""""","=""L9224""",
"=""1170.0330""","=""""","=""1170.0331+""","=""111""","=""""","=""""","=""""","=""""",,"=""3.0971047""","=""4.1567688""","=""5d.6p""","=""3D*""","=""3""","=""5d.7s""","=""3D""","=""3""",7,7,,"=""""","=""L9224""",
"=""1188.7411""","=""""","=""1188.7411+""","=""51""","=""""","=""""","=""""","=""""",,"=""3.0415200""","=""4.0845074""","=""5d.6p""","=""3D*""","=""2""","=""5d.7s""","=""3D""","=""2""",5,5,,"=""""","=""L9224""",
"=""1197.8272""","=""""","=""1197.8273+""","=""5""","=""""","=""""","=""""","=""""",,"=""3.5402722""","=""4.5753480""","=""5d.6p""","=""1P*""","=""1""","=""6s.9s""","=""3S""","=""1""",3,3,,"=""""","=""L9224""",
"=""1205.1957""","=""""","=""1205.1951+""","=""7""","=""""","=""""","=""""","=""""",,"=""1.5667416""","=""2.5954895""","=""6s.6p""","=""3P*""","=""1""","=""5d2""","=""3F""","=""2""",3,5,,"=""""","=""L9224""",
"=""1208.6557""","=""""","=""1208.6555+""","=""18""","=""""","=""""","=""""","=""""",,"=""3.0415200""","=""4.0673226""","=""5d.6p""","=""3D*""","=""2""","=""5d.7s""","=""3D""","=""1""",5,3,,"=""""","=""L9224""",
"=""1223.6632""","=""""","=""1223.6635+""","=""5""","=""""","=""""","=""""","=""""",,"=""2.7356673""","=""3.7488886""","=""5d.6p""","=""3F*""","=""2""","=""6s.6d""","=""1D""","=""2""",5,5,,"=""""","=""L9224""",
"=""1234.5631""","=""""","=""1234.5630+""","=""5""","=""9.e+04""","=""2.1e-03""","=""2.5e-01""","=""-2.2""",D,"=""2.2391870""","=""3.2434630""","=""6s.6p""","=""1P*""","=""1""","=""6s.7s""","=""3S""","=""1""",3,3,,"=""T5495""","=""L9224""",
"=""1255.6600""","=""""","=""1255.6599+""","=""24""","=""""","=""""","=""""","=""""",,"=""3.0971047""","=""4.0845074""","=""5d.6p""","=""3D*""","=""3""","=""5d.7s""","=""3D""","=""2""",7,5,,"=""""","=""L9224""",
"=""1267.0498""","=""""","=""1267.0499+""","=""5""","=""""","=""""","=""""","=""""",,"=""3.5402722""","=""4.5187988""","=""5d.6p""","=""1P*""","=""1""","=""5d.6d""","=""1P""","=""1""",3,3,,"=""""","=""L9224""",
"=""1275.5924""","=""""","=""1275.5929+""","=""10""","=""""","=""""","=""""","=""""",,"=""3.2181982""","=""4.1901713""","=""5d.6p""","=""3P*""","=""2""","=""5d.7s""","=""1D""","=""2""",5,5,,"=""""","=""L9224""",
"=""1281.5173""","=""""","=""1281.5175+""","=""8""","=""""","=""""","=""""","=""""",,"=""2.8451178""","=""3.8125974""","=""5d.6p""","=""3F*""","=""3""","=""6s.6d""","=""3D""","=""2""",7,5,,"=""""","=""L9224""",
"=""1320.9897""","=""""","=""1320.9897+""","=""54""","=""""","=""""","=""""","=""""",,"=""3.2181982""","=""4.1567688""","=""5d.6p""","=""3P*""","=""2""","=""5d.7s""","=""3D""","=""3""",5,7,,"=""""","=""L9224""",
"=""1332.8162""","=""""","=""1332.817+""","=""6""","=""""","=""""","=""""","=""""",,"=""3.7488886""","=""4.6791307""","=""6s.6d""","=""1D""","=""2""","=""6s.5f""","=""1F*""","=""3""",5,7,,"=""""","=""L9224""",
"=""1381.2795""","=""""","=""1381.280+""","=""32""","=""""","=""""","=""""","=""""",,"=""3.1869035""","=""4.0845074""","=""5d.6p""","=""3P*""","=""1""","=""5d.7s""","=""3D""","=""2""",3,5,,"=""""","=""L9224""",
"=""1396.0548""","=""""","=""1396.055+""","=""19""","=""""","=""""","=""""","=""""",,"=""3.1792184""","=""4.0673226""","=""5d.6p""","=""3P*""","=""0""","=""5d.7s""","=""3D""","=""1""",1,3,,"=""""","=""L9224""",
"=""1396.1721""","=""""","=""1396.172+""","=""7""","=""""","=""""","=""""","=""""",,"=""2.8608594""","=""3.7488886""","=""5d.6p""","=""1D*""","=""2""","=""6s.6d""","=""1D""","=""2""",5,5,,"=""""","=""L9224""",
"=""1408.2406""","=""""","=""1408.241+""","=""22""","=""""","=""""","=""""","=""""",,"=""3.1869035""","=""4.0673226""","=""5d.6p""","=""3P*""","=""1""","=""5d.7s""","=""3D""","=""1""",3,3,,"=""""","=""L9224""",
"=""1415.883""","=""""","=""1415.883+""","=""4""","=""""","=""""","=""""","=""""",,"=""3.5402722""","=""4.4159389""","=""5d.6p""","=""1P*""","=""1""","=""6s.7d""","=""3D""","=""2""",3,5,,"=""""","=""L9224""",
"=""1416.217""","=""""","=""1416.217+""","=""11""","=""""","=""""","=""""","=""""",,"=""2.9454987""","=""3.8209593""","=""5d.6p""","=""3F*""","=""4""","=""6s.6d""","=""3D""","=""3""",9,7,,"=""""","=""L9224""",
"=""1431.177""","=""""","=""1431.177+""","=""16""","=""""","=""""","=""""","=""""",,"=""3.2181982""","=""4.0845074""","=""5d.6p""","=""3P*""","=""2""","=""5d.7s""","=""3D""","=""2""",5,5,,"=""""","=""L9224""",
"=""1432.718""","=""""","=""1432.717+""","=""73""","=""""","=""""","=""""","=""""",,"=""3.3247932""","=""4.1901713""","=""5d.6p""","=""1F*""","=""3""","=""5d.7s""","=""1D""","=""2""",7,5,,"=""""","=""L9224""",
"=""1472.710""","=""""","=""1472.712+""","=""3""","=""8.6e+05""","=""4.7e-02""","=""6.8e+00""","=""-0.85""",C,"=""3.5402722""","=""4.3821487""","=""5d.6p""","=""1P*""","=""1""","=""6p2""","=""3P""","=""2""",3,5,,"=""T5429""","=""L9224""",
"=""1491.195""","=""""","=""1491.195+""","=""3""","=""""","=""""","=""""","=""""",,"=""3.8209593""","=""4.6524014""","=""6s.6d""","=""3D""","=""3""","=""6s.5f""","=""3F*""","=""4""",7,9,,"=""""","=""L9224""",
"=""1500.395""","=""""","=""1500.395+""","=""1300""","=""2.5e+05""","=""5.1e-03""","=""1.25e+00""","=""-1.60""",B,"=""1.4128433""","=""2.2391870""","=""6s.5d""","=""1D""","=""2""","=""6s.6p""","=""1P*""","=""1""",5,3,,"=""T5649""","=""L9224""",
"=""1537.613""","=""""","=""1537.614+""","=""9""","=""""","=""""","=""""","=""""",,"=""2.9994298""","=""3.8057715""","=""5d.6p""","=""3D*""","=""1""","=""6s.6d""","=""3D""","=""1""",3,3,,"=""""","=""L9224""",
"=""1607.934""","=""""","=""1607.934+""","=""15""","=""""","=""""","=""""","=""""",,"=""3.0415200""","=""3.8125974""","=""5d.6p""","=""3D*""","=""2""","=""6s.6d""","=""3D""","=""2""",5,5,,"=""""","=""L9224""",
"=""1622.294""","=""""","=""1622.296+""","=""3""","=""""","=""""","=""""","=""""",,"=""3.0415200""","=""3.8057715""","=""5d.6p""","=""3D*""","=""2""","=""6s.6d""","=""3D""","=""1""",5,3,,"=""""","=""L9224""",
"=""1631.985""","=""""","=""1631.985+""","=""12""","=""""","=""""","=""""","=""""",,"=""3.3247932""","=""4.0845074""","=""5d.6p""","=""1F*""","=""3""","=""5d.7s""","=""3D""","=""2""",7,5,,"=""""","=""L9224""",
"=""1700.035""","=""""","=""1700.035+""","=""3""","=""""","=""""","=""""","=""""",,"=""2.5954895""","=""3.3247932""","=""5d2""","=""3F""","=""2""","=""5d.6p""","=""1F*""","=""3""",5,7,,"=""""","=""L9224""",
"=""1706.877""","=""""","=""1706.877+""","=""309""","=""""","=""""","=""""","=""""",,"=""2.2391870""","=""2.9655675""","=""6s.6p""","=""1P*""","=""1""","=""5d2""","=""3P""","=""2""",3,5,,"=""""","=""L9224""",
"=""1712.834""","=""""","=""1712.833+""","=""15""","=""""","=""""","=""""","=""""",,"=""3.0971047""","=""3.8209593""","=""5d.6p""","=""3D*""","=""3""","=""6s.6d""","=""3D""","=""3""",7,7,,"=""""","=""L9224""",
"=""1719.164""","=""""","=""1719.164+""","=""7""","=""2.7e+06""","=""4.0e-02""","=""7.e+00""","=""-0.92""",D+,"=""3.5402722""","=""4.2614611""","=""5d.6p""","=""1P*""","=""1""","=""6s.8s""","=""1S""","=""0""",3,1,,"=""T5429""","=""L9224""",
"=""1796.599""","=""""","=""1796.599+""","=""5""","=""""","=""""","=""""","=""""",,"=""2.6346884""","=""3.3247932""","=""5d2""","=""3F""","=""3""","=""5d.6p""","=""1F*""","=""3""",7,7,,"=""""","=""L9224""",
"=""1820.774""","=""""","=""1820.774+""","=""75""","=""1.20e+06""","=""3.6e-02""","=""1.07e+01""","=""-0.75""",C+,"=""2.8593299""","=""3.5402722""","=""5d2""","=""1D""","=""2""","=""5d.6p""","=""1P*""","=""1""",5,3,,"=""T5037""","=""L9224""",
"=""1902.229""","=""""","=""1902.228+""","=""8""","=""""","=""""","=""""","=""""",,"=""3.0971047""","=""3.7488886""","=""5d.6p""","=""3D*""","=""3""","=""6s.6d""","=""1D""","=""2""",7,5,,"=""""","=""L9224""",
"=""1907.745""","=""""","=""1907.745+""","=""51""","=""""","=""""","=""""","=""""",,"=""3.5402722""","=""4.1901713""","=""5d.6p""","=""1P*""","=""1""","=""5d.7s""","=""1D""","=""2""",3,5,,"=""""","=""L9224""",
"=""1925.858""","=""""","=""1925.857+""","=""11""","=""""","=""""","=""""","=""""",,"=""2.6810062""","=""3.3247932""","=""5d2""","=""3F""","=""4""","=""5d.6p""","=""1F*""","=""3""",9,7,,"=""""","=""L9224""",
"=""1942.204""","=""""","=""1942.205+""","=""4""","=""""","=""""","=""""","=""""",,"=""2.2391870""","=""2.8775552""","=""6s.6p""","=""1P*""","=""1""","=""5d2""","=""3P""","=""0""",3,1,,"=""""","=""L9224""",
"=""1981.546""","=""""","=""1981.547+""","=""5""","=""""","=""""","=""""","=""""",,"=""3.1869035""","=""3.8125974""","=""5d.6p""","=""3P*""","=""1""","=""6s.6d""","=""3D""","=""2""",3,5,,"=""""","=""L9224""",
"=""1999.285""","=""""","=""1999.284+""","=""730""","=""""","=""""","=""""","=""""",,"=""2.2391870""","=""2.8593299""","=""6s.6p""","=""1P*""","=""1""","=""5d2""","=""1D""","=""2""",3,5,,"=""""","=""L9224""",
"=""2013.773""","=""""","=""2013.775+""","=""5""","=""""","=""""","=""""","=""""",,"=""3.8117070""","=""4.4273876""","=""6s.7p""","=""3P*""","=""0""","=""6s.7d""","=""3D""","=""1""",1,3,,"=""""","=""L9224""",
"=""2021.561""","=""""","=""2021.560+""","=""10""","=""""","=""""","=""""","=""""",,"=""3.8206366""","=""4.4339461""","=""6s.7p""","=""3P*""","=""1""","=""6s.7d""","=""1D""","=""2""",3,5,,"=""""","=""L9224""",
"=""2043.412""","=""""","=""2043.411+""","=""3""","=""""","=""""","=""""","=""""",,"=""3.8206366""","=""4.4273876""","=""6s.7p""","=""3P*""","=""1""","=""6s.7d""","=""3D""","=""1""",3,3,,"=""""","=""L9224""",
"=""2056.937""","=""""","=""2056.938+""","=""8""","=""""","=""""","=""""","=""""",,"=""3.2181982""","=""3.8209593""","=""5d.6p""","=""3P*""","=""2""","=""6s.6d""","=""3D""","=""3""",5,7,,"=""""","=""L9224""",
"=""2071.703""","=""""","=""2071.703+""","=""198""","=""""","=""""","=""""","=""""",,"=""3.2434630""","=""3.8419281""","=""6s.7s""","=""3S""","=""1""","=""6s.7p""","=""3P*""","=""2""",3,5,,"=""""","=""L9224""",
"=""2084.187""","=""""","=""2084.187+""","=""22""","=""""","=""""","=""""","=""""",,"=""3.8419281""","=""4.4368084""","=""6s.7p""","=""3P*""","=""2""","=""6s.7d""","=""3D""","=""3""",5,7,,"=""""","=""L9224""",
"=""2094.261""","=""""","=""2094.264+""","=""4""","=""""","=""""","=""""","=""""",,"=""3.8419281""","=""4.4339461""","=""6s.7p""","=""3P*""","=""2""","=""6s.7d""","=""1D""","=""2""",5,5,,"=""""","=""L9224""",
"=""2124.804""","=""""","=""2124.801+""","=""4""","=""""","=""""","=""""","=""""",,"=""2.6346884""","=""3.2181982""","=""5d2""","=""3F""","=""3""","=""5d.6p""","=""3P*""","=""2""",7,5,,"=""""","=""L9224""",
"=""2148.127""","=""""","=""2148.127+""","=""87""","=""""","=""""","=""""","=""""",,"=""3.2434630""","=""3.8206366""","=""6s.7s""","=""3S""","=""1""","=""6s.7p""","=""3P*""","=""1""",3,3,,"=""""","=""L9224""",
"=""2157.356""","=""""","=""2157.355+""","=""12""","=""2.6e+05""","=""1.1e-02""","=""3.9e+00""","=""-1.3""",D,"=""2.9655675""","=""3.5402722""","=""5d2""","=""3P""","=""2""","=""5d.6p""","=""1P*""","=""1""",5,3,,"=""T5037""","=""L9224""",
"=""2181.882""","=""""","=""2181.883+""","=""22""","=""""","=""""","=""""","=""""",,"=""3.2434630""","=""3.8117070""","=""6s.7s""","=""3S""","=""1""","=""6s.7p""","=""3P*""","=""0""",3,1,,"=""""","=""L9224""",
"=""2222.445""","=""""","=""2222.446+""","=""28""","=""""","=""""","=""""","=""""",,"=""3.7488886""","=""4.3067614""","=""6s.6d""","=""1D""","=""2""","=""6s.4f""","=""1F*""","=""3""",5,7,,"=""""","=""L9224""",
"=""2231.756""","=""""","=""2231.755+""","=""560""","=""""","=""""","=""""","=""""",,"=""1.1200690""","=""1.6756148""","=""6s.5d""","=""3D""","=""1""","=""6s.6p""","=""3P*""","=""2""",3,5,,"=""""","=""L9224""",
"=""2316.530""","=""""","=""2316.530+""","=""28""","=""""","=""""","=""""","=""""",,"=""3.5001026""","=""4.0353178""","=""6s.7s""","=""1S""","=""0""","=""6s.7p""","=""1P*""","=""1""",1,3,,"=""""","=""L9224""",
"=""2325.991""","=""""","=""2325.990+""","=""9900""","=""""","=""""","=""""","=""""",,"=""1.1425765""","=""1.6756148""","=""6s.5d""","=""3D""","=""2""","=""6s.6p""","=""3P*""","=""2""",5,5,,"=""""","=""L9224""",
"=""2471.451""","=""""","=""2471.450+""","=""3""","=""""","=""""","=""""","=""""",,"=""4.0845074""","=""4.5861731""","=""5d.7s""","=""3D""","=""2""","=""5d.7p""","=""3P*""","=""1""",5,3,,"=""""","=""L9224""",
"=""2491.540""","=""""","=""2491.539+""","=""4""","=""""","=""""","=""""","=""""",,"=""4.1567688""","=""4.6543896""","=""5d.7s""","=""3D""","=""3""","=""5d.7p""","=""3D*""","=""3""",7,7,,"=""""","=""L9224""",
"=""2501.535""","=""""","=""2501.534+""","=""4""","=""""","=""""","=""""","=""""",,"=""4.1567688""","=""4.6524014""","=""5d.7s""","=""3D""","=""3""","=""6s.5f""","=""3F*""","=""4""",7,9,,"=""""","=""L9224""",
"=""2535.673""","=""""","=""2535.675+""","=""3""","=""""","=""""","=""""","=""""",,"=""4.1901713""","=""4.6791307""","=""5d.7s""","=""1D""","=""2""","=""6s.5f""","=""1F*""","=""3""",5,7,,"=""""","=""L9224""",
"=""2552.184""","=""""","=""2552.185+""","=""10000""","=""""","=""""","=""""","=""""",,"=""1.1898185""","=""1.6756148""","=""6s.5d""","=""3D""","=""3""","=""6s.6p""","=""3P*""","=""2""",7,5,,"=""""","=""L9224""",
"=""2559.414""","=""""","=""2559.412+""","=""10""","=""""","=""""","=""""","=""""",,"=""3.8057715""","=""4.2901961""","=""6s.6d""","=""3D""","=""1""","=""6s.4f""","=""3F*""","=""2""",3,5,,"=""""","=""L9224""",
"=""2586.673""","=""""","=""2586.672+""","=""13""","=""""","=""""","=""""","=""""",,"=""3.8125974""","=""4.2919167""","=""6s.6d""","=""3D""","=""2""","=""6s.4f""","=""3F*""","=""3""",5,7,,"=""""","=""L9224""",
"=""2622.838""","=""""","=""2622.838+""","=""18""","=""""","=""""","=""""","=""""",,"=""3.8209593""","=""4.2936694""","=""6s.6d""","=""3D""","=""3""","=""6s.4f""","=""3F*""","=""4""",7,9,,"=""""","=""L9224""",
"=""2923.018""","=""""","=""2923.018+""","=""213""","=""""","=""""","=""""","=""""",,"=""1.1425765""","=""1.5667416""","=""6s.5d""","=""3D""","=""2""","=""6s.6p""","=""3P*""","=""1""",5,3,,"=""""","=""L9224""",
"=""2979.683""","=""""","=""2979.684+""","=""21""","=""""","=""""","=""""","=""""",,"=""2.6810062""","=""3.0971047""","=""5d2""","=""3F""","=""4""","=""5d.6p""","=""3D*""","=""3""",9,7,,"=""""","=""L9224""",
"=""3047.555""","=""""","=""3047.556+""","=""11""","=""""","=""""","=""""","=""""",,"=""2.6346884""","=""3.0415200""","=""5d2""","=""3F""","=""3""","=""5d.6p""","=""3D*""","=""2""",7,5,,"=""""","=""L9224""",
"=""3069.369""","=""""","=""3069.370+""","=""8""","=""7.e+05""","=""6.e-02""","=""2.8e+01""","=""-0.6""",,"=""2.5954895""","=""2.9994298""","=""5d2""","=""3F""","=""2""","=""5d.6p""","=""3D*""","=""1""",5,3,,"=""T5037""","=""L9224""",
"=""3094.003""","=""""","=""3094.004+""","=""402""","=""""","=""""","=""""","=""""",,"=""1.1200690""","=""1.5207932""","=""6s.5d""","=""3D""","=""1""","=""6s.6p""","=""3P*""","=""0""",3,1,,"=""""","=""L9224""",
