property,value,unit,energy,particle_or_photon,isotope,transition,process,source,source_url,retrieved_at,notes,abundance,experimental_energy_ev,theoretical_energy_ev
mass_attenuation_coefficient,3864,cm²/g,0.001 MeV,fotón,natural,,atenuación total,NIST X-Ray Mass Attenuation Coefficients,https://physics.nist.gov/PhysRefData/XrayMassCoef/ElemTab/z39.html,2026-07-24T20:02:08+00:00,Tabla elemental NIST.,,,
mass_energy_absorption_coefficient,3857,cm²/g,0.001 MeV,fotón,natural,,absorción de energía,NIST X-Ray Mass Attenuation Coefficients,https://physics.nist.gov/PhysRefData/XrayMassCoef/ElemTab/z39.html,2026-07-24T20:02:08+00:00,Tabla elemental NIST.,,,
mass_attenuation_coefficient,1493,cm²/g,0.0015 MeV,fotón,natural,,atenuación total,NIST X-Ray Mass Attenuation Coefficients,https://physics.nist.gov/PhysRefData/XrayMassCoef/ElemTab/z39.html,2026-07-24T20:02:08+00:00,Tabla elemental NIST.,,,
mass_energy_absorption_coefficient,1487,cm²/g,0.0015 MeV,fotón,natural,,absorción de energía,NIST X-Ray Mass Attenuation Coefficients,https://physics.nist.gov/PhysRefData/XrayMassCoef/ElemTab/z39.html,2026-07-24T20:02:08+00:00,Tabla elemental NIST.,,,
mass_attenuation_coefficient,742.2,cm²/g,0.002 MeV,fotón,natural,,atenuación total,NIST X-Ray Mass Attenuation Coefficients,https://physics.nist.gov/PhysRefData/XrayMassCoef/ElemTab/z39.html,2026-07-24T20:02:08+00:00,Tabla elemental NIST.,,,
mass_energy_absorption_coefficient,736.5,cm²/g,0.002 MeV,fotón,natural,,absorción de energía,NIST X-Ray Mass Attenuation Coefficients,https://physics.nist.gov/PhysRefData/XrayMassCoef/ElemTab/z39.html,2026-07-24T20:02:08+00:00,Tabla elemental NIST.,,,
mass_attenuation_coefficient,673.8,cm²/g,0.00208 MeV,fotón,natural,,atenuación total,NIST X-Ray Mass Attenuation Coefficients,https://physics.nist.gov/PhysRefData/XrayMassCoef/ElemTab/z39.html,2026-07-24T20:02:08+00:00,Tabla elemental NIST.,,,
mass_energy_absorption_coefficient,668.2,cm²/g,0.00208 MeV,fotón,natural,,absorción de energía,NIST X-Ray Mass Attenuation Coefficients,https://physics.nist.gov/PhysRefData/XrayMassCoef/ElemTab/z39.html,2026-07-24T20:02:08+00:00,Tabla elemental NIST.,,,
mass_attenuation_coefficient,0.00208,cm²/g,3 MeV,fotón,natural,L3,atenuación total,NIST X-Ray Mass Attenuation Coefficients,https://physics.nist.gov/PhysRefData/XrayMassCoef/ElemTab/z39.html,2026-07-24T20:02:08+00:00,Tabla elemental NIST; borde de absorción L3.,,,
mass_energy_absorption_coefficient,2627,cm²/g,3 MeV,fotón,natural,L3,absorción de energía,NIST X-Ray Mass Attenuation Coefficients,https://physics.nist.gov/PhysRefData/XrayMassCoef/ElemTab/z39.html,2026-07-24T20:02:08+00:00,Tabla elemental NIST; borde de absorción L3.,,,
mass_attenuation_coefficient,2466,cm²/g,0.00211741 MeV,fotón,natural,,atenuación total,NIST X-Ray Mass Attenuation Coefficients,https://physics.nist.gov/PhysRefData/XrayMassCoef/ElemTab/z39.html,2026-07-24T20:02:08+00:00,Tabla elemental NIST.,,,
mass_energy_absorption_coefficient,2412,cm²/g,0.00211741 MeV,fotón,natural,,absorción de energía,NIST X-Ray Mass Attenuation Coefficients,https://physics.nist.gov/PhysRefData/XrayMassCoef/ElemTab/z39.html,2026-07-24T20:02:08+00:00,Tabla elemental NIST.,,,
mass_attenuation_coefficient,2342,cm²/g,0.0021555 MeV,fotón,natural,,atenuación total,NIST X-Ray Mass Attenuation Coefficients,https://physics.nist.gov/PhysRefData/XrayMassCoef/ElemTab/z39.html,2026-07-24T20:02:08+00:00,Tabla elemental NIST.,,,
mass_energy_absorption_coefficient,2292,cm²/g,0.0021555 MeV,fotón,natural,,absorción de energía,NIST X-Ray Mass Attenuation Coefficients,https://physics.nist.gov/PhysRefData/XrayMassCoef/ElemTab/z39.html,2026-07-24T20:02:08+00:00,Tabla elemental NIST.,,,
mass_attenuation_coefficient,0.0021555,cm²/g,2 MeV,fotón,natural,L2,atenuación total,NIST X-Ray Mass Attenuation Coefficients,https://physics.nist.gov/PhysRefData/XrayMassCoef/ElemTab/z39.html,2026-07-24T20:02:08+00:00,Tabla elemental NIST; borde de absorción L2.,,,
mass_energy_absorption_coefficient,3264,cm²/g,2 MeV,fotón,natural,L2,absorción de energía,NIST X-Ray Mass Attenuation Coefficients,https://physics.nist.gov/PhysRefData/XrayMassCoef/ElemTab/z39.html,2026-07-24T20:02:08+00:00,Tabla elemental NIST; borde de absorción L2.,,,
mass_attenuation_coefficient,2916,cm²/g,0.0022614 MeV,fotón,natural,,atenuación total,NIST X-Ray Mass Attenuation Coefficients,https://physics.nist.gov/PhysRefData/XrayMassCoef/ElemTab/z39.html,2026-07-24T20:02:08+00:00,Tabla elemental NIST.,,,
mass_energy_absorption_coefficient,2849,cm²/g,0.0022614 MeV,fotón,natural,,absorción de energía,NIST X-Ray Mass Attenuation Coefficients,https://physics.nist.gov/PhysRefData/XrayMassCoef/ElemTab/z39.html,2026-07-24T20:02:08+00:00,Tabla elemental NIST.,,,
mass_attenuation_coefficient,2597,cm²/g,0.0023725 MeV,fotón,natural,,atenuación total,NIST X-Ray Mass Attenuation Coefficients,https://physics.nist.gov/PhysRefData/XrayMassCoef/ElemTab/z39.html,2026-07-24T20:02:08+00:00,Tabla elemental NIST.,,,
mass_energy_absorption_coefficient,2540,cm²/g,0.0023725 MeV,fotón,natural,,absorción de energía,NIST X-Ray Mass Attenuation Coefficients,https://physics.nist.gov/PhysRefData/XrayMassCoef/ElemTab/z39.html,2026-07-24T20:02:08+00:00,Tabla elemental NIST.,,,
mass_attenuation_coefficient,0.0023725,cm²/g,1 MeV,fotón,natural,L1,atenuación total,NIST X-Ray Mass Attenuation Coefficients,https://physics.nist.gov/PhysRefData/XrayMassCoef/ElemTab/z39.html,2026-07-24T20:02:08+00:00,Tabla elemental NIST; borde de absorción L1.,,,
mass_energy_absorption_coefficient,2962,cm²/g,1 MeV,fotón,natural,L1,absorción de energía,NIST X-Ray Mass Attenuation Coefficients,https://physics.nist.gov/PhysRefData/XrayMassCoef/ElemTab/z39.html,2026-07-24T20:02:08+00:00,Tabla elemental NIST; borde de absorción L1.,,,
mass_attenuation_coefficient,1654,cm²/g,0.003 MeV,fotón,natural,,atenuación total,NIST X-Ray Mass Attenuation Coefficients,https://physics.nist.gov/PhysRefData/XrayMassCoef/ElemTab/z39.html,2026-07-24T20:02:08+00:00,Tabla elemental NIST.,,,
mass_energy_absorption_coefficient,1623,cm²/g,0.003 MeV,fotón,natural,,absorción de energía,NIST X-Ray Mass Attenuation Coefficients,https://physics.nist.gov/PhysRefData/XrayMassCoef/ElemTab/z39.html,2026-07-24T20:02:08+00:00,Tabla elemental NIST.,,,
mass_attenuation_coefficient,793.6,cm²/g,0.004 MeV,fotón,natural,,atenuación total,NIST X-Ray Mass Attenuation Coefficients,https://physics.nist.gov/PhysRefData/XrayMassCoef/ElemTab/z39.html,2026-07-24T20:02:08+00:00,Tabla elemental NIST.,,,
mass_energy_absorption_coefficient,779.8,cm²/g,0.004 MeV,fotón,natural,,absorción de energía,NIST X-Ray Mass Attenuation Coefficients,https://physics.nist.gov/PhysRefData/XrayMassCoef/ElemTab/z39.html,2026-07-24T20:02:08+00:00,Tabla elemental NIST.,,,
mass_attenuation_coefficient,442.4,cm²/g,0.005 MeV,fotón,natural,,atenuación total,NIST X-Ray Mass Attenuation Coefficients,https://physics.nist.gov/PhysRefData/XrayMassCoef/ElemTab/z39.html,2026-07-24T20:02:08+00:00,Tabla elemental NIST.,,,
mass_energy_absorption_coefficient,434.4,cm²/g,0.005 MeV,fotón,natural,,absorción de energía,NIST X-Ray Mass Attenuation Coefficients,https://physics.nist.gov/PhysRefData/XrayMassCoef/ElemTab/z39.html,2026-07-24T20:02:08+00:00,Tabla elemental NIST.,,,
mass_attenuation_coefficient,272.5,cm²/g,0.006 MeV,fotón,natural,,atenuación total,NIST X-Ray Mass Attenuation Coefficients,https://physics.nist.gov/PhysRefData/XrayMassCoef/ElemTab/z39.html,2026-07-24T20:02:08+00:00,Tabla elemental NIST.,,,
mass_energy_absorption_coefficient,267,cm²/g,0.006 MeV,fotón,natural,,absorción de energía,NIST X-Ray Mass Attenuation Coefficients,https://physics.nist.gov/PhysRefData/XrayMassCoef/ElemTab/z39.html,2026-07-24T20:02:08+00:00,Tabla elemental NIST.,,,
mass_attenuation_coefficient,125.8,cm²/g,0.008 MeV,fotón,natural,,atenuación total,NIST X-Ray Mass Attenuation Coefficients,https://physics.nist.gov/PhysRefData/XrayMassCoef/ElemTab/z39.html,2026-07-24T20:02:08+00:00,Tabla elemental NIST.,,,
mass_energy_absorption_coefficient,122.4,cm²/g,0.008 MeV,fotón,natural,,absorción de energía,NIST X-Ray Mass Attenuation Coefficients,https://physics.nist.gov/PhysRefData/XrayMassCoef/ElemTab/z39.html,2026-07-24T20:02:08+00:00,Tabla elemental NIST.,,,
mass_attenuation_coefficient,68.71,cm²/g,0.01 MeV,fotón,natural,,atenuación total,NIST X-Ray Mass Attenuation Coefficients,https://physics.nist.gov/PhysRefData/XrayMassCoef/ElemTab/z39.html,2026-07-24T20:02:08+00:00,Tabla elemental NIST.,,,
mass_energy_absorption_coefficient,66.19,cm²/g,0.01 MeV,fotón,natural,,absorción de energía,NIST X-Ray Mass Attenuation Coefficients,https://physics.nist.gov/PhysRefData/XrayMassCoef/ElemTab/z39.html,2026-07-24T20:02:08+00:00,Tabla elemental NIST.,,,
mass_attenuation_coefficient,22.79,cm²/g,0.015 MeV,fotón,natural,,atenuación total,NIST X-Ray Mass Attenuation Coefficients,https://physics.nist.gov/PhysRefData/XrayMassCoef/ElemTab/z39.html,2026-07-24T20:02:08+00:00,Tabla elemental NIST.,,,
mass_energy_absorption_coefficient,21.3,cm²/g,0.015 MeV,fotón,natural,,absorción de energía,NIST X-Ray Mass Attenuation Coefficients,https://physics.nist.gov/PhysRefData/XrayMassCoef/ElemTab/z39.html,2026-07-24T20:02:08+00:00,Tabla elemental NIST.,,,
mass_attenuation_coefficient,16.12,cm²/g,0.0170384 MeV,fotón,natural,,atenuación total,NIST X-Ray Mass Attenuation Coefficients,https://physics.nist.gov/PhysRefData/XrayMassCoef/ElemTab/z39.html,2026-07-24T20:02:08+00:00,Tabla elemental NIST.,,,
mass_energy_absorption_coefficient,14.86,cm²/g,0.0170384 MeV,fotón,natural,,absorción de energía,NIST X-Ray Mass Attenuation Coefficients,https://physics.nist.gov/PhysRefData/XrayMassCoef/ElemTab/z39.html,2026-07-24T20:02:08+00:00,Tabla elemental NIST.,,,
mass_attenuation_coefficient,102.9,cm²/g,0.0170384 MeV,fotón,natural,K,atenuación total,NIST X-Ray Mass Attenuation Coefficients,https://physics.nist.gov/PhysRefData/XrayMassCoef/ElemTab/z39.html,2026-07-24T20:02:08+00:00,Tabla elemental NIST; borde de absorción K.,,,
mass_energy_absorption_coefficient,46.72,cm²/g,0.0170384 MeV,fotón,natural,K,absorción de energía,NIST X-Ray Mass Attenuation Coefficients,https://physics.nist.gov/PhysRefData/XrayMassCoef/ElemTab/z39.html,2026-07-24T20:02:08+00:00,Tabla elemental NIST; borde de absorción K.,,,
mass_attenuation_coefficient,68.55,cm²/g,0.02 MeV,fotón,natural,,atenuación total,NIST X-Ray Mass Attenuation Coefficients,https://physics.nist.gov/PhysRefData/XrayMassCoef/ElemTab/z39.html,2026-07-24T20:02:08+00:00,Tabla elemental NIST.,,,
mass_energy_absorption_coefficient,36.2,cm²/g,0.02 MeV,fotón,natural,,absorción de energía,NIST X-Ray Mass Attenuation Coefficients,https://physics.nist.gov/PhysRefData/XrayMassCoef/ElemTab/z39.html,2026-07-24T20:02:08+00:00,Tabla elemental NIST.,,,
mass_attenuation_coefficient,23.3,cm²/g,0.03 MeV,fotón,natural,,atenuación total,NIST X-Ray Mass Attenuation Coefficients,https://physics.nist.gov/PhysRefData/XrayMassCoef/ElemTab/z39.html,2026-07-24T20:02:08+00:00,Tabla elemental NIST.,,,
mass_energy_absorption_coefficient,15.58,cm²/g,0.03 MeV,fotón,natural,,absorción de energía,NIST X-Ray Mass Attenuation Coefficients,https://physics.nist.gov/PhysRefData/XrayMassCoef/ElemTab/z39.html,2026-07-24T20:02:08+00:00,Tabla elemental NIST.,,,
mass_attenuation_coefficient,10.65,cm²/g,0.04 MeV,fotón,natural,,atenuación total,NIST X-Ray Mass Attenuation Coefficients,https://physics.nist.gov/PhysRefData/XrayMassCoef/ElemTab/z39.html,2026-07-24T20:02:08+00:00,Tabla elemental NIST.,,,
mass_energy_absorption_coefficient,7.79,cm²/g,0.04 MeV,fotón,natural,,absorción de energía,NIST X-Ray Mass Attenuation Coefficients,https://physics.nist.gov/PhysRefData/XrayMassCoef/ElemTab/z39.html,2026-07-24T20:02:08+00:00,Tabla elemental NIST.,,,
mass_attenuation_coefficient,5.764,cm²/g,0.05 MeV,fotón,natural,,atenuación total,NIST X-Ray Mass Attenuation Coefficients,https://physics.nist.gov/PhysRefData/XrayMassCoef/ElemTab/z39.html,2026-07-24T20:02:08+00:00,Tabla elemental NIST.,,,
mass_energy_absorption_coefficient,4.388,cm²/g,0.05 MeV,fotón,natural,,absorción de energía,NIST X-Ray Mass Attenuation Coefficients,https://physics.nist.gov/PhysRefData/XrayMassCoef/ElemTab/z39.html,2026-07-24T20:02:08+00:00,Tabla elemental NIST.,,,
mass_attenuation_coefficient,3.493,cm²/g,0.06 MeV,fotón,natural,,atenuación total,NIST X-Ray Mass Attenuation Coefficients,https://physics.nist.gov/PhysRefData/XrayMassCoef/ElemTab/z39.html,2026-07-24T20:02:08+00:00,Tabla elemental NIST.,,,
mass_energy_absorption_coefficient,2.699,cm²/g,0.06 MeV,fotón,natural,,absorción de energía,NIST X-Ray Mass Attenuation Coefficients,https://physics.nist.gov/PhysRefData/XrayMassCoef/ElemTab/z39.html,2026-07-24T20:02:08+00:00,Tabla elemental NIST.,,,
mass_attenuation_coefficient,1.607,cm²/g,0.08 MeV,fotón,natural,,atenuación total,NIST X-Ray Mass Attenuation Coefficients,https://physics.nist.gov/PhysRefData/XrayMassCoef/ElemTab/z39.html,2026-07-24T20:02:08+00:00,Tabla elemental NIST.,,,
mass_energy_absorption_coefficient,1.228,cm²/g,0.08 MeV,fotón,natural,,absorción de energía,NIST X-Ray Mass Attenuation Coefficients,https://physics.nist.gov/PhysRefData/XrayMassCoef/ElemTab/z39.html,2026-07-24T20:02:08+00:00,Tabla elemental NIST.,,,
mass_attenuation_coefficient,0.9047,cm²/g,0.1 MeV,fotón,natural,,atenuación total,NIST X-Ray Mass Attenuation Coefficients,https://physics.nist.gov/PhysRefData/XrayMassCoef/ElemTab/z39.html,2026-07-24T20:02:08+00:00,Tabla elemental NIST.,,,
mass_energy_absorption_coefficient,0.6616,cm²/g,0.1 MeV,fotón,natural,,absorción de energía,NIST X-Ray Mass Attenuation Coefficients,https://physics.nist.gov/PhysRefData/XrayMassCoef/ElemTab/z39.html,2026-07-24T20:02:08+00:00,Tabla elemental NIST.,,,
mass_attenuation_coefficient,0.3595,cm²/g,0.15 MeV,fotón,natural,,atenuación total,NIST X-Ray Mass Attenuation Coefficients,https://physics.nist.gov/PhysRefData/XrayMassCoef/ElemTab/z39.html,2026-07-24T20:02:08+00:00,Tabla elemental NIST.,,,
mass_energy_absorption_coefficient,0.2203,cm²/g,0.15 MeV,fotón,natural,,absorción de energía,NIST X-Ray Mass Attenuation Coefficients,https://physics.nist.gov/PhysRefData/XrayMassCoef/ElemTab/z39.html,2026-07-24T20:02:08+00:00,Tabla elemental NIST.,,,
mass_attenuation_coefficient,0.2149,cm²/g,0.2 MeV,fotón,natural,,atenuación total,NIST X-Ray Mass Attenuation Coefficients,https://physics.nist.gov/PhysRefData/XrayMassCoef/ElemTab/z39.html,2026-07-24T20:02:08+00:00,Tabla elemental NIST.,,,
mass_energy_absorption_coefficient,0.1093,cm²/g,0.2 MeV,fotón,natural,,absorción de energía,NIST X-Ray Mass Attenuation Coefficients,https://physics.nist.gov/PhysRefData/XrayMassCoef/ElemTab/z39.html,2026-07-24T20:02:08+00:00,Tabla elemental NIST.,,,
mass_attenuation_coefficient,0.1289,cm²/g,0.3 MeV,fotón,natural,,atenuación total,NIST X-Ray Mass Attenuation Coefficients,https://physics.nist.gov/PhysRefData/XrayMassCoef/ElemTab/z39.html,2026-07-24T20:02:08+00:00,Tabla elemental NIST.,,,
mass_energy_absorption_coefficient,0.05186,cm²/g,0.3 MeV,fotón,natural,,absorción de energía,NIST X-Ray Mass Attenuation Coefficients,https://physics.nist.gov/PhysRefData/XrayMassCoef/ElemTab/z39.html,2026-07-24T20:02:08+00:00,Tabla elemental NIST.,,,
mass_attenuation_coefficient,0.1006,cm²/g,0.4 MeV,fotón,natural,,atenuación total,NIST X-Ray Mass Attenuation Coefficients,https://physics.nist.gov/PhysRefData/XrayMassCoef/ElemTab/z39.html,2026-07-24T20:02:08+00:00,Tabla elemental NIST.,,,
mass_energy_absorption_coefficient,0.03779,cm²/g,0.4 MeV,fotón,natural,,absorción de energía,NIST X-Ray Mass Attenuation Coefficients,https://physics.nist.gov/PhysRefData/XrayMassCoef/ElemTab/z39.html,2026-07-24T20:02:08+00:00,Tabla elemental NIST.,,,
mass_attenuation_coefficient,0.08613,cm²/g,0.5 MeV,fotón,natural,,atenuación total,NIST X-Ray Mass Attenuation Coefficients,https://physics.nist.gov/PhysRefData/XrayMassCoef/ElemTab/z39.html,2026-07-24T20:02:08+00:00,Tabla elemental NIST.,,,
mass_energy_absorption_coefficient,0.03249,cm²/g,0.5 MeV,fotón,natural,,absorción de energía,NIST X-Ray Mass Attenuation Coefficients,https://physics.nist.gov/PhysRefData/XrayMassCoef/ElemTab/z39.html,2026-07-24T20:02:08+00:00,Tabla elemental NIST.,,,
mass_attenuation_coefficient,0.07703,cm²/g,0.6 MeV,fotón,natural,,atenuación total,NIST X-Ray Mass Attenuation Coefficients,https://physics.nist.gov/PhysRefData/XrayMassCoef/ElemTab/z39.html,2026-07-24T20:02:08+00:00,Tabla elemental NIST.,,,
mass_energy_absorption_coefficient,0.02986,cm²/g,0.6 MeV,fotón,natural,,absorción de energía,NIST X-Ray Mass Attenuation Coefficients,https://physics.nist.gov/PhysRefData/XrayMassCoef/ElemTab/z39.html,2026-07-24T20:02:08+00:00,Tabla elemental NIST.,,,
mass_attenuation_coefficient,0.06546,cm²/g,0.8 MeV,fotón,natural,,atenuación total,NIST X-Ray Mass Attenuation Coefficients,https://physics.nist.gov/PhysRefData/XrayMassCoef/ElemTab/z39.html,2026-07-24T20:02:08+00:00,Tabla elemental NIST.,,,
mass_energy_absorption_coefficient,0.02708,cm²/g,0.8 MeV,fotón,natural,,absorción de energía,NIST X-Ray Mass Attenuation Coefficients,https://physics.nist.gov/PhysRefData/XrayMassCoef/ElemTab/z39.html,2026-07-24T20:02:08+00:00,Tabla elemental NIST.,,,
mass_attenuation_coefficient,0.05795,cm²/g,1 MeV,fotón,natural,,atenuación total,NIST X-Ray Mass Attenuation Coefficients,https://physics.nist.gov/PhysRefData/XrayMassCoef/ElemTab/z39.html,2026-07-24T20:02:08+00:00,Tabla elemental NIST.,,,
mass_energy_absorption_coefficient,0.02537,cm²/g,1 MeV,fotón,natural,,absorción de energía,NIST X-Ray Mass Attenuation Coefficients,https://physics.nist.gov/PhysRefData/XrayMassCoef/ElemTab/z39.html,2026-07-24T20:02:08+00:00,Tabla elemental NIST.,,,
mass_attenuation_coefficient,0.05141,cm²/g,1.25 MeV,fotón,natural,,atenuación total,NIST X-Ray Mass Attenuation Coefficients,https://physics.nist.gov/PhysRefData/XrayMassCoef/ElemTab/z39.html,2026-07-24T20:02:08+00:00,Tabla elemental NIST.,,,
mass_energy_absorption_coefficient,0.02375,cm²/g,1.25 MeV,fotón,natural,,absorción de energía,NIST X-Ray Mass Attenuation Coefficients,https://physics.nist.gov/PhysRefData/XrayMassCoef/ElemTab/z39.html,2026-07-24T20:02:08+00:00,Tabla elemental NIST.,,,
mass_attenuation_coefficient,0.04692,cm²/g,1.5 MeV,fotón,natural,,atenuación total,NIST X-Ray Mass Attenuation Coefficients,https://physics.nist.gov/PhysRefData/XrayMassCoef/ElemTab/z39.html,2026-07-24T20:02:08+00:00,Tabla elemental NIST.,,,
mass_energy_absorption_coefficient,0.02254,cm²/g,1.5 MeV,fotón,natural,,absorción de energía,NIST X-Ray Mass Attenuation Coefficients,https://physics.nist.gov/PhysRefData/XrayMassCoef/ElemTab/z39.html,2026-07-24T20:02:08+00:00,Tabla elemental NIST.,,,
mass_attenuation_coefficient,0.04137,cm²/g,2 MeV,fotón,natural,,atenuación total,NIST X-Ray Mass Attenuation Coefficients,https://physics.nist.gov/PhysRefData/XrayMassCoef/ElemTab/z39.html,2026-07-24T20:02:08+00:00,Tabla elemental NIST.,,,
mass_energy_absorption_coefficient,0.02109,cm²/g,2 MeV,fotón,natural,,absorción de energía,NIST X-Ray Mass Attenuation Coefficients,https://physics.nist.gov/PhysRefData/XrayMassCoef/ElemTab/z39.html,2026-07-24T20:02:08+00:00,Tabla elemental NIST.,,,
mass_attenuation_coefficient,0.03628,cm²/g,3 MeV,fotón,natural,,atenuación total,NIST X-Ray Mass Attenuation Coefficients,https://physics.nist.gov/PhysRefData/XrayMassCoef/ElemTab/z39.html,2026-07-24T20:02:08+00:00,Tabla elemental NIST.,,,
mass_energy_absorption_coefficient,0.02026,cm²/g,3 MeV,fotón,natural,,absorción de energía,NIST X-Ray Mass Attenuation Coefficients,https://physics.nist.gov/PhysRefData/XrayMassCoef/ElemTab/z39.html,2026-07-24T20:02:08+00:00,Tabla elemental NIST.,,,
mass_attenuation_coefficient,0.03428,cm²/g,4 MeV,fotón,natural,,atenuación total,NIST X-Ray Mass Attenuation Coefficients,https://physics.nist.gov/PhysRefData/XrayMassCoef/ElemTab/z39.html,2026-07-24T20:02:08+00:00,Tabla elemental NIST.,,,
mass_energy_absorption_coefficient,0.02048,cm²/g,4 MeV,fotón,natural,,absorción de energía,NIST X-Ray Mass Attenuation Coefficients,https://physics.nist.gov/PhysRefData/XrayMassCoef/ElemTab/z39.html,2026-07-24T20:02:08+00:00,Tabla elemental NIST.,,,
mass_attenuation_coefficient,0.03355,cm²/g,5 MeV,fotón,natural,,atenuación total,NIST X-Ray Mass Attenuation Coefficients,https://physics.nist.gov/PhysRefData/XrayMassCoef/ElemTab/z39.html,2026-07-24T20:02:08+00:00,Tabla elemental NIST.,,,
mass_energy_absorption_coefficient,0.02107,cm²/g,5 MeV,fotón,natural,,absorción de energía,NIST X-Ray Mass Attenuation Coefficients,https://physics.nist.gov/PhysRefData/XrayMassCoef/ElemTab/z39.html,2026-07-24T20:02:08+00:00,Tabla elemental NIST.,,,
mass_attenuation_coefficient,0.03341,cm²/g,6 MeV,fotón,natural,,atenuación total,NIST X-Ray Mass Attenuation Coefficients,https://physics.nist.gov/PhysRefData/XrayMassCoef/ElemTab/z39.html,2026-07-24T20:02:08+00:00,Tabla elemental NIST.,,,
mass_energy_absorption_coefficient,0.02174,cm²/g,6 MeV,fotón,natural,,absorción de energía,NIST X-Ray Mass Attenuation Coefficients,https://physics.nist.gov/PhysRefData/XrayMassCoef/ElemTab/z39.html,2026-07-24T20:02:08+00:00,Tabla elemental NIST.,,,
mass_attenuation_coefficient,0.03399,cm²/g,8 MeV,fotón,natural,,atenuación total,NIST X-Ray Mass Attenuation Coefficients,https://physics.nist.gov/PhysRefData/XrayMassCoef/ElemTab/z39.html,2026-07-24T20:02:08+00:00,Tabla elemental NIST.,,,
mass_energy_absorption_coefficient,0.02311,cm²/g,8 MeV,fotón,natural,,absorción de energía,NIST X-Ray Mass Attenuation Coefficients,https://physics.nist.gov/PhysRefData/XrayMassCoef/ElemTab/z39.html,2026-07-24T20:02:08+00:00,Tabla elemental NIST.,,,
mass_attenuation_coefficient,0.03504,cm²/g,10 MeV,fotón,natural,,atenuación total,NIST X-Ray Mass Attenuation Coefficients,https://physics.nist.gov/PhysRefData/XrayMassCoef/ElemTab/z39.html,2026-07-24T20:02:08+00:00,Tabla elemental NIST.,,,
mass_energy_absorption_coefficient,0.02432,cm²/g,10 MeV,fotón,natural,,absorción de energía,NIST X-Ray Mass Attenuation Coefficients,https://physics.nist.gov/PhysRefData/XrayMassCoef/ElemTab/z39.html,2026-07-24T20:02:08+00:00,Tabla elemental NIST.,,,
mass_attenuation_coefficient,0.0379,cm²/g,15 MeV,fotón,natural,,atenuación total,NIST X-Ray Mass Attenuation Coefficients,https://physics.nist.gov/PhysRefData/XrayMassCoef/ElemTab/z39.html,2026-07-24T20:02:08+00:00,Tabla elemental NIST.,,,
mass_energy_absorption_coefficient,0.02638,cm²/g,15 MeV,fotón,natural,,absorción de energía,NIST X-Ray Mass Attenuation Coefficients,https://physics.nist.gov/PhysRefData/XrayMassCoef/ElemTab/z39.html,2026-07-24T20:02:08+00:00,Tabla elemental NIST.,,,
mass_attenuation_coefficient,0.04048,cm²/g,20 MeV,fotón,natural,,atenuación total,NIST X-Ray Mass Attenuation Coefficients,https://physics.nist.gov/PhysRefData/XrayMassCoef/ElemTab/z39.html,2026-07-24T20:02:08+00:00,Tabla elemental NIST.,,,
mass_energy_absorption_coefficient,0.02746,cm²/g,20 MeV,fotón,natural,,absorción de energía,NIST X-Ray Mass Attenuation Coefficients,https://physics.nist.gov/PhysRefData/XrayMassCoef/ElemTab/z39.html,2026-07-24T20:02:08+00:00,Tabla elemental NIST.,,,
xray_transition_energy,14667.13,eV,14667.13 eV,rayos X,natural,KL1,emisión característica,NIST X-Ray Transition Energies,https://physics.nist.gov/cgi-bin/XrayTrans/search.pl?element=Y&trans=All&units=eV,2026-07-24T20:02:08+00:00,Se prioriza el valor experimental cuando está disponible.,,,14667.13
xray_transition_energy,14882.94,eV,14882.94 eV,rayos X,natural,KL2,emisión característica,NIST X-Ray Transition Energies,https://physics.nist.gov/cgi-bin/XrayTrans/search.pl?element=Y&trans=All&units=eV,2026-07-24T20:02:08+00:00,Se prioriza el valor experimental cuando está disponible.,,14882.94,14883
xray_transition_energy,14958.54,eV,14958.54 eV,rayos X,natural,KL3,emisión característica,NIST X-Ray Transition Energies,https://physics.nist.gov/cgi-bin/XrayTrans/search.pl?element=Y&trans=All&units=eV,2026-07-24T20:02:08+00:00,Se prioriza el valor experimental cuando está disponible.,,14958.54,14958.14
xray_transition_energy,16644.7,eV,16644.7 eV,rayos X,natural,KM1,emisión característica,NIST X-Ray Transition Energies,https://physics.nist.gov/cgi-bin/XrayTrans/search.pl?element=Y&trans=All&units=eV,2026-07-24T20:02:08+00:00,Se prioriza el valor experimental cuando está disponible.,,,16644.7
xray_transition_energy,16725.9,eV,16725.9 eV,rayos X,natural,KM2,emisión característica,NIST X-Ray Transition Energies,https://physics.nist.gov/cgi-bin/XrayTrans/search.pl?element=Y&trans=All&units=eV,2026-07-24T20:02:08+00:00,Se prioriza el valor experimental cuando está disponible.,,16725.9,16726.8
xray_transition_energy,16738.08,eV,16738.08 eV,rayos X,natural,KM3,emisión característica,NIST X-Ray Transition Energies,https://physics.nist.gov/cgi-bin/XrayTrans/search.pl?element=Y&trans=All&units=eV,2026-07-24T20:02:08+00:00,Se prioriza el valor experimental cuando está disponible.,,16738.08,16738.4
xray_transition_energy,16879.8,eV,16879.8 eV,rayos X,natural,KM4,emisión característica,NIST X-Ray Transition Energies,https://physics.nist.gov/cgi-bin/XrayTrans/search.pl?element=Y&trans=All&units=eV,2026-07-24T20:02:08+00:00,Se prioriza el valor experimental cuando está disponible.,,16879.8,16879.2
xray_transition_energy,16879.8,eV,16879.8 eV,rayos X,natural,KM5,emisión característica,NIST X-Ray Transition Energies,https://physics.nist.gov/cgi-bin/XrayTrans/search.pl?element=Y&trans=All&units=eV,2026-07-24T20:02:08+00:00,Se prioriza el valor experimental cuando está disponible.,,16879.8,16881.39
xray_transition_energy,16994.8,eV,16994.8 eV,rayos X,natural,KN1,emisión característica,NIST X-Ray Transition Energies,https://physics.nist.gov/cgi-bin/XrayTrans/search.pl?element=Y&trans=All&units=eV,2026-07-24T20:02:08+00:00,Se prioriza el valor experimental cuando está disponible.,,,16994.8
xray_transition_energy,17015.6,eV,17015.6 eV,rayos X,natural,KN2,emisión característica,NIST X-Ray Transition Energies,https://physics.nist.gov/cgi-bin/XrayTrans/search.pl?element=Y&trans=All&units=eV,2026-07-24T20:02:08+00:00,Se prioriza el valor experimental cuando está disponible.,,17015.6,17012.08
xray_transition_energy,17015.6,eV,17015.6 eV,rayos X,natural,KN3,emisión característica,NIST X-Ray Transition Energies,https://physics.nist.gov/cgi-bin/XrayTrans/search.pl?element=Y&trans=All&units=eV,2026-07-24T20:02:08+00:00,Se prioriza el valor experimental cuando está disponible.,,17015.6,17015.3
xray_transition_energy,17036.2,eV,17036.2 eV,rayos X,natural,KN4,emisión característica,NIST X-Ray Transition Energies,https://physics.nist.gov/cgi-bin/XrayTrans/search.pl?element=Y&trans=All&units=eV,2026-07-24T20:02:08+00:00,Se prioriza el valor experimental cuando está disponible.,,17036.2,17040.9
xray_transition_energy,4.5,eV,4.5 eV,rayos X,natural,KN5,emisión característica,NIST X-Ray Transition Energies,https://physics.nist.gov/cgi-bin/XrayTrans/search.pl?element=Y&trans=All&units=eV,2026-07-24T20:02:08+00:00,Se prioriza el valor experimental cuando está disponible.,,4.5,17036.2
xray_transition_energy,17036.612,eV,17036.612 eV,rayos X,natural,KEDGE,emisión característica,NIST X-Ray Transition Energies,https://physics.nist.gov/cgi-bin/XrayTrans/search.pl?element=Y&trans=All&units=eV,2026-07-24T20:02:08+00:00,Se prioriza el valor experimental cuando está disponible.,,17036.612,17047.9
xray_transition_energy,1977.5,eV,1977.5 eV,rayos X,natural,L1M1,emisión característica,NIST X-Ray Transition Energies,https://physics.nist.gov/cgi-bin/XrayTrans/search.pl?element=Y&trans=All&units=eV,2026-07-24T20:02:08+00:00,Se prioriza el valor experimental cuando está disponible.,,,1977.5
xray_transition_energy,2059.99,eV,2059.99 eV,rayos X,natural,L1M2,emisión característica,NIST X-Ray Transition Energies,https://physics.nist.gov/cgi-bin/XrayTrans/search.pl?element=Y&trans=All&units=eV,2026-07-24T20:02:08+00:00,Se prioriza el valor experimental cuando está disponible.,,2059.99,2059.6
xray_transition_energy,2072.17,eV,2072.17 eV,rayos X,natural,L1M3,emisión característica,NIST X-Ray Transition Energies,https://physics.nist.gov/cgi-bin/XrayTrans/search.pl?element=Y&trans=All&units=eV,2026-07-24T20:02:08+00:00,Se prioriza el valor experimental cuando está disponible.,,2072.17,2071.3
xray_transition_energy,2212.1,eV,2212.1 eV,rayos X,natural,L1M4,emisión característica,NIST X-Ray Transition Energies,https://physics.nist.gov/cgi-bin/XrayTrans/search.pl?element=Y&trans=All&units=eV,2026-07-24T20:02:08+00:00,Se prioriza el valor experimental cuando está disponible.,,,2212.1
xray_transition_energy,2214.3,eV,2214.3 eV,rayos X,natural,L1M5,emisión característica,NIST X-Ray Transition Energies,https://physics.nist.gov/cgi-bin/XrayTrans/search.pl?element=Y&trans=All&units=eV,2026-07-24T20:02:08+00:00,Se prioriza el valor experimental cuando está disponible.,,,2214.3
xray_transition_energy,2327.7,eV,2327.7 eV,rayos X,natural,L1N1,emisión característica,NIST X-Ray Transition Energies,https://physics.nist.gov/cgi-bin/XrayTrans/search.pl?element=Y&trans=All&units=eV,2026-07-24T20:02:08+00:00,Se prioriza el valor experimental cuando está disponible.,,,2327.7
xray_transition_energy,2346.82,eV,2346.82 eV,rayos X,natural,L1N2,emisión característica,NIST X-Ray Transition Energies,https://physics.nist.gov/cgi-bin/XrayTrans/search.pl?element=Y&trans=All&units=eV,2026-07-24T20:02:08+00:00,Se prioriza el valor experimental cuando está disponible.,,2346.82,2345
xray_transition_energy,2346.82,eV,2346.82 eV,rayos X,natural,L1N3,emisión característica,NIST X-Ray Transition Energies,https://physics.nist.gov/cgi-bin/XrayTrans/search.pl?element=Y&trans=All&units=eV,2026-07-24T20:02:08+00:00,Se prioriza el valor experimental cuando está disponible.,,2346.82,2348.2
xray_transition_energy,2373.8,eV,2373.8 eV,rayos X,natural,L1N4,emisión característica,NIST X-Ray Transition Energies,https://physics.nist.gov/cgi-bin/XrayTrans/search.pl?element=Y&trans=All&units=eV,2026-07-24T20:02:08+00:00,Se prioriza el valor experimental cuando está disponible.,,,2373.8
xray_transition_energy,2376.5,eV,2376.5 eV,rayos X,natural,L1EDGE,emisión característica,NIST X-Ray Transition Energies,https://physics.nist.gov/cgi-bin/XrayTrans/search.pl?element=Y&trans=All&units=eV,2026-07-24T20:02:08+00:00,Se prioriza el valor experimental cuando está disponible.,,2376.5,2380.76
xray_transition_energy,1760.96,eV,1760.96 eV,rayos X,natural,L2M1,emisión característica,NIST X-Ray Transition Energies,https://physics.nist.gov/cgi-bin/XrayTrans/search.pl?element=Y&trans=All&units=eV,2026-07-24T20:02:08+00:00,Se prioriza el valor experimental cuando está disponible.,,1760.96,1761.7
xray_transition_energy,1843.8,eV,1843.8 eV,rayos X,natural,L2M2,emisión característica,NIST X-Ray Transition Energies,https://physics.nist.gov/cgi-bin/XrayTrans/search.pl?element=Y&trans=All&units=eV,2026-07-24T20:02:08+00:00,Se prioriza el valor experimental cuando está disponible.,,,1843.8
xray_transition_energy,1855.4,eV,1855.4 eV,rayos X,natural,L2M3,emisión característica,NIST X-Ray Transition Energies,https://physics.nist.gov/cgi-bin/XrayTrans/search.pl?element=Y&trans=All&units=eV,2026-07-24T20:02:08+00:00,Se prioriza el valor experimental cuando está disponible.,,,1855.4
xray_transition_energy,1995.85,eV,1995.85 eV,rayos X,natural,L2M4,emisión característica,NIST X-Ray Transition Energies,https://physics.nist.gov/cgi-bin/XrayTrans/search.pl?element=Y&trans=All&units=eV,2026-07-24T20:02:08+00:00,Se prioriza el valor experimental cuando está disponible.,,1995.85,1996.2
xray_transition_energy,1998.39,eV,1998.39 eV,rayos X,natural,L2M5,emisión característica,NIST X-Ray Transition Energies,https://physics.nist.gov/cgi-bin/XrayTrans/search.pl?element=Y&trans=All&units=eV,2026-07-24T20:02:08+00:00,Se prioriza el valor experimental cuando está disponible.,,,1998.39
xray_transition_energy,2110.19,eV,2110.19 eV,rayos X,natural,L2N1,emisión característica,NIST X-Ray Transition Energies,https://physics.nist.gov/cgi-bin/XrayTrans/search.pl?element=Y&trans=All&units=eV,2026-07-24T20:02:08+00:00,Se prioriza el valor experimental cuando está disponible.,,2110.19,2111.8
xray_transition_energy,2129.08,eV,2129.08 eV,rayos X,natural,L2N2,emisión característica,NIST X-Ray Transition Energies,https://physics.nist.gov/cgi-bin/XrayTrans/search.pl?element=Y&trans=All&units=eV,2026-07-24T20:02:08+00:00,Se prioriza el valor experimental cuando está disponible.,,,2129.08
xray_transition_energy,2132.3,eV,2132.3 eV,rayos X,natural,L2N3,emisión característica,NIST X-Ray Transition Energies,https://physics.nist.gov/cgi-bin/XrayTrans/search.pl?element=Y&trans=All&units=eV,2026-07-24T20:02:08+00:00,Se prioriza el valor experimental cuando está disponible.,,,2132.3
xray_transition_energy,2157.9,eV,2157.9 eV,rayos X,natural,L2N4,emisión característica,NIST X-Ray Transition Energies,https://physics.nist.gov/cgi-bin/XrayTrans/search.pl?element=Y&trans=All&units=eV,2026-07-24T20:02:08+00:00,Se prioriza el valor experimental cuando está disponible.,,,2157.9
xray_transition_energy,2153.97,eV,2153.97 eV,rayos X,natural,L2EDGE,emisión característica,NIST X-Ray Transition Energies,https://physics.nist.gov/cgi-bin/XrayTrans/search.pl?element=Y&trans=All&units=eV,2026-07-24T20:02:08+00:00,Se prioriza el valor experimental cuando está disponible.,,2153.97,2164.89
xray_transition_energy,1685.39,eV,1685.39 eV,rayos X,natural,L3M1,emisión característica,NIST X-Ray Transition Energies,https://physics.nist.gov/cgi-bin/XrayTrans/search.pl?element=Y&trans=All&units=eV,2026-07-24T20:02:08+00:00,Se prioriza el valor experimental cuando está disponible.,,1685.39,1686.5
xray_transition_energy,1768.6,eV,1768.6 eV,rayos X,natural,L3M2,emisión característica,NIST X-Ray Transition Energies,https://physics.nist.gov/cgi-bin/XrayTrans/search.pl?element=Y&trans=All&units=eV,2026-07-24T20:02:08+00:00,Se prioriza el valor experimental cuando está disponible.,,,1768.6
xray_transition_energy,1780.3,eV,1780.3 eV,rayos X,natural,L3M3,emisión característica,NIST X-Ray Transition Energies,https://physics.nist.gov/cgi-bin/XrayTrans/search.pl?element=Y&trans=All&units=eV,2026-07-24T20:02:08+00:00,Se prioriza el valor experimental cuando está disponible.,,,1780.3
xray_transition_energy,1920.48,eV,1920.48 eV,rayos X,natural,L3M4,emisión característica,NIST X-Ray Transition Energies,https://physics.nist.gov/cgi-bin/XrayTrans/search.pl?element=Y&trans=All&units=eV,2026-07-24T20:02:08+00:00,Se prioriza el valor experimental cuando está disponible.,,1920.48,1921.07
xray_transition_energy,1922.564,eV,1922.564 eV,rayos X,natural,L3M5,emisión característica,NIST X-Ray Transition Energies,https://physics.nist.gov/cgi-bin/XrayTrans/search.pl?element=Y&trans=All&units=eV,2026-07-24T20:02:08+00:00,Se prioriza el valor experimental cuando está disponible.,,1922.564,1923.26
xray_transition_energy,2034.43,eV,2034.43 eV,rayos X,natural,L3N1,emisión característica,NIST X-Ray Transition Energies,https://physics.nist.gov/cgi-bin/XrayTrans/search.pl?element=Y&trans=All&units=eV,2026-07-24T20:02:08+00:00,Se prioriza el valor experimental cuando está disponible.,,2034.43,2036.7
xray_transition_energy,2053.95,eV,2053.95 eV,rayos X,natural,L3N2,emisión característica,NIST X-Ray Transition Energies,https://physics.nist.gov/cgi-bin/XrayTrans/search.pl?element=Y&trans=All&units=eV,2026-07-24T20:02:08+00:00,Se prioriza el valor experimental cuando está disponible.,,,2053.95
xray_transition_energy,2057.16,eV,2057.16 eV,rayos X,natural,L3N3,emisión característica,NIST X-Ray Transition Energies,https://physics.nist.gov/cgi-bin/XrayTrans/search.pl?element=Y&trans=All&units=eV,2026-07-24T20:02:08+00:00,Se prioriza el valor experimental cuando está disponible.,,,2057.16
xray_transition_energy,2082.77,eV,2082.77 eV,rayos X,natural,L3N4,emisión característica,NIST X-Ray Transition Energies,https://physics.nist.gov/cgi-bin/XrayTrans/search.pl?element=Y&trans=All&units=eV,2026-07-24T20:02:08+00:00,Se prioriza el valor experimental cuando está disponible.,,,2082.77
xray_transition_energy,2079.54,eV,2079.54 eV,rayos X,natural,L3EDGE,emisión característica,NIST X-Ray Transition Energies,https://physics.nist.gov/cgi-bin/XrayTrans/search.pl?element=Y&trans=All&units=eV,2026-07-24T20:02:08+00:00,Se prioriza el valor experimental cuando está disponible.,,2079.54,2089.76
neutron_coherent_scattering_length,7.750(20),fm,neutrón térmico · 2200 m/s,neutrón,Y-89,,coherent scattering length,NIST NCNR Neutron Scattering Lengths and Cross Sections,https://www.ncnr.nist.gov/resources/activation/scattering_table.html,2026-07-24T20:02:08+00:00,"Valor evaluado a 2200 m/s. Deben consultarse en la fuente las incertidumbres, valores complejos y excepciones resonantes.",100,,
neutron_coherent_cross_section,7.55(4),barn,neutrón térmico · 2200 m/s,neutrón,Y-89,,coherent cross section,NIST NCNR Neutron Scattering Lengths and Cross Sections,https://www.ncnr.nist.gov/resources/activation/scattering_table.html,2026-07-24T20:02:08+00:00,"Valor evaluado a 2200 m/s. Deben consultarse en la fuente las incertidumbres, valores complejos y excepciones resonantes.",100,,
neutron_incoherent_cross_section,0.15(8),barn,neutrón térmico · 2200 m/s,neutrón,Y-89,,incoherent cross section,NIST NCNR Neutron Scattering Lengths and Cross Sections,https://www.ncnr.nist.gov/resources/activation/scattering_table.html,2026-07-24T20:02:08+00:00,"Valor evaluado a 2200 m/s. Deben consultarse en la fuente las incertidumbres, valores complejos y excepciones resonantes.",100,,
neutron_total_scattering_cross_section,7.70(9),barn,neutrón térmico · 2200 m/s,neutrón,Y-89,,total scattering cross section,NIST NCNR Neutron Scattering Lengths and Cross Sections,https://www.ncnr.nist.gov/resources/activation/scattering_table.html,2026-07-24T20:02:08+00:00,"Valor evaluado a 2200 m/s. Deben consultarse en la fuente las incertidumbres, valores complejos y excepciones resonantes.",100,,
neutron_absorption_cross_section,1.280(20),barn,neutrón térmico · 2200 m/s,neutrón,Y-89,,absorption cross section,NIST NCNR Neutron Scattering Lengths and Cross Sections,https://www.ncnr.nist.gov/resources/activation/scattering_table.html,2026-07-24T20:02:08+00:00,"Valor evaluado a 2200 m/s. Deben consultarse en la fuente las incertidumbres, valores complejos y excepciones resonantes.",100,,
