Configuration,Term,J,g,Prefix,Level (cm-1),Suffix,Uncertainty (cm-1),Lande,Leading percentages,Reference
"=""5s2.5p5""","=""2P*""","=""3/2""",4,"=""""","=""0.0000""","=""""","=""0.0065""","=""""","="" 100                                                                    ""","=""L13998,L22518"""
"=""5s2.5p5""","=""2P*""","=""1/2""",2,"=""""","=""7602.9762""","=""""","=""0.0065""","=""0.673""","="" 100                                                                    ""","=""L22426,L368"""
"=""5s2.5p4.(3P<2>).6s""","=""2[2]""","=""5/2""",6,"=""""","=""54633.2819""","=""""","=""0.0017""","=""1.576""","=""  90                                 :     9  5s2.5p4.(1D<2>).6s  2[2]  ""","=""L3674,L368,u56"""
"=""5s2.5p4.(3P<2>).6s""","=""2[2]""","=""3/2""",4,"=""""","=""56092.7112""","=""""","=""0.0012""","=""1.385""","=""  87                                 :    11  5s2.5p4.(1D<2>).6s  2[2]  ""","=""L3674,L368,u56"""
"=""5s2.5p4.(3P<0>).6s""","=""2[0]""","=""1/2""",2,"=""""","=""60896.0739""","=""""","=""0.0017""","=""2.561""","=""  62                                 :    21  5s2.5p4.(3P<1>).6s  2[1]  ""","=""L3674,L368,u56"""
"=""5s2.5p4.(3P<1>).6s""","=""2[1]""","=""3/2""",4,"=""""","=""61819.6111""","=""""","=""0.0014""","=""1.618""","=""  95                                                                    ""","=""L3674,L368,u56"""
"=""5s2.5p4.(3P<1>).6s""","=""2[1]""","=""1/2""",2,"=""""","=""63186.5971""","=""""","=""0.0021""","=""0.799""","=""  74                                 :    17  5s2.5p4.(3P<0>).6s  2[0]  ""","=""L3674,L368,u56"""
"=""5s2.5p4.(3P<2>).6p""","=""2[2]*""","=""5/2""",6,"=""""","=""64906.1234""","=""""","=""0.0011""","=""1.524""","=""  86                                 :     7  5s2.5p4.(1D<2>).6p  2[2]* ""","=""L3674,L368,u56"""
"=""5s2.5p4.(3P<2>).6p""","=""2[2]*""","=""3/2""",4,"=""""","=""64989.8299""","=""""","=""0.0000""","=""1.619""","=""  44                                 :    43  5s2.5p4.(3P<2>).6p  2[1]* ""","=""L3674,L368,u56"""
"=""5s2.5p4.(3P<2>).6p""","=""2[3]*""","=""5/2""",6,"=""""","=""65644.3110""","=""""","=""0.0013""","=""1.217""","=""  83                                 :    10  5s2.5p4.(1D<2>).6p  2[3]* ""","=""L3674,L368,u56"""
"=""5s2.5p4.(3P<2>).6p""","=""2[3]*""","=""7/2""",8,"=""""","=""65669.8213""","=""""","=""0.0016""","=""1.420""","=""  90                                 :    10  5s2.5p4.(1D<2>).6p  2[3]* ""","=""L22518,u56"""
"=""5s2.5p4.(3P<2>).6p""","=""2[1]*""","=""1/2""",2,"=""""","=""65856.7962""","=""""","=""0.0013""","=""1.556""","=""  82                                 :    15  5s2.5p4.(1D<2>).6p  2[1]* ""","=""L3674,L368,u56"""
"=""5s2.5p4.(3P<2>).6p""","=""2[1]*""","=""3/2""",4,"=""""","=""67061.9638""","=""""","=""0.0014""","=""1.415""","=""  45                                 :    45  5s2.5p4.(3P<2>).6p  2[2]* ""","=""L22518,u56"""
"=""5s2.5p4.(3P<2>).5d""","=""2[3]""","=""7/2""",8,"=""""","=""66014.8630""","=""""","=""0.0016""","=""""","=""  88                                 :     6  5s2.5p4.(1D<2>).5d  2[3]  ""","=""L3674,u56"""
"=""5s2.5p4.(3P<2>).5d""","=""2[3]""","=""5/2""",6,"=""""","=""66020.3051""","=""""","=""0.0015""","=""1.258""","=""  49  5s2.5p4.(3P<2>).5d 2[2]        :    29  5s2.5p4.(3P<2>).5d  2[3]  ""","=""L3674,L368,u56"""
"=""5s2.5p4.(3P<2>).5d""","=""2[1]""","=""3/2""",4,"=""""","=""66354.9277""","=""""","=""0.0014""","=""""","=""  55  5s2.5p4.(3P<2>).5d 2[2]        :    12  5s2.5p4.(3P<2>).5d  2[1]  ""","=""L3674,L368,u56"""
"=""5s2.5p4.(3P<2>).5d""","=""2[1]""","=""1/2""",2,"=""""","=""67298.1641""","=""""","=""0.0018""","=""""","=""  72                                 :    11  5s2.5p4.(1D<2>).5d  2[1]  ""","=""L3674,u56"""
"=""5s2.5p4.(3P<2>).5d""","=""2[4]""","=""9/2""",10,"=""""","=""67726.2533""","=""""","=""0.0021""","=""""","=""  89                                 :    10  5s2.5p4.(1D<2>).5d  2[4]  ""","=""L3674,u56"""
"=""5s2.5p4.(3P<2>).5d""","=""2[4]""","=""7/2""",8,"=""""","=""68559.3743""","=""""","=""0.0015""","=""""","=""  86                                 :    12  5s2.5p4.(1D<2>).5d  2[4]  ""","=""L3674,u56"""
"=""5s2.5p4.(1D<2>).6s""","=""2[2]""","=""3/2""",4,"=""""","=""68549.5824""","=""""","=""0.0013""","=""""","=""  59                                 :    23  5s2.5p4.(3P<2>).5d  2[1]  ""","=""L3674,u56"""
"=""5s2.5p4.(1D<2>).6s""","=""2[2]""","=""5/2""",6,"=""""","=""68587.6921""","=""""","=""0.0015""","=""""","=""  81                                 :     8  5s2.5p4.(3P<2>).6s  2[2]  ""","=""L3674,u56"""
"=""5s2.5p4.(3P<2>).5d""","=""2[0]""","=""1/2""",2,"=""""","=""68615.5757""","=""""","=""0.0014""","=""""","=""  51                                 :    31  5s2.5p4.(1D<2>).5d  2[0]  ""","=""L3674,u56"""
"=""5s2.5p4.(3P<2>).5d""","=""2[2]""","=""5/2""",6,"=""""","=""70151.0423""","=""""","=""0.0014""","=""""","=""  52  5s2.5p4.(3P<2>).5d 2[3]        :    27  5s2.5p4.(3P<2>).5d  2[2]  ""","=""L3674,u56"""
"=""5s2.5p4.(3P<2>).5d""","=""2[2]""","=""3/2""",4,"=""""","=""70354.6730""","=""""","=""0.0013""","=""""","=""  46  5s2.5p4.(3P<2>).5d 2[1]        :    18  5s2.5p4.(3P<2>).5d  2[2]  ""","=""L3674,u56"""
"=""5s2.5p4.(3P<1>).6p""","=""2[0]*""","=""1/2""",2,"=""""","=""71501.3162""","=""""","=""0.0014""","=""1.239""","=""  65  5s2.5p4.(3P<0>).6p 2[1]*       :    20  5s2.5p4.(3P<1>).6p  2[0]* ""","=""L3674,L368,u56"""
"=""5s2.5p4.(3P<0>).6p""","=""2[1]*""","=""1/2""",2,"=""""","=""71813.7975""","=""""","=""0.0015""","=""1.377""","=""  58  5s2.5p4.(3P<1>).6p 2[0]*       :    24  5s2.5p4.(3P<1>).6p  2[1]* ""","=""L3674,L368,u56"""
"=""5s2.5p4.(3P<0>).6p""","=""2[1]*""","=""3/2""",4,"=""""","=""71976.5916""","=""""","=""0.0016""","=""1.317""","=""  60                                 :    24  5s2.5p4.(3P<1>).6p  2[2]* ""","=""L3674,L368,u56"""
"=""5s2.5p4.(3P<2>).7s""","=""2[2]""","=""5/2""",6,"=""""","=""71903.5759""","=""""","=""0.0016""","=""""","=""  86                                 :     9  5s2.5p4.(1D<2>).7s  2[2]  ""","=""L3674,u56"""
"=""5s2.5p4.(3P<2>).7s""","=""2[2]""","=""3/2""",4,"=""""","=""72294.7216""","=""""","=""0.0013""","=""""","=""  86                                 :     9  5s2.5p4.(1D<2>).7s  2[2]  ""","=""L3674,u56"""
"=""5s2.5p4.(3P<1>).6p""","=""2[2]*""","=""5/2""",6,"=""""","=""72529.0200""","=""""","=""0.0013""","=""1.370""","=""  99                                                                    ""","=""L3674,L368,u56"""
"=""5s2.5p4.(3P<1>).6p""","=""2[2]*""","=""3/2""",4,"=""""","=""72807.0009""","=""""","=""0.0015""","=""1.316""","=""  62                                 :    21  5s2.5p4.(3P<0>).6p  2[1]* ""","=""L3674,L368,u56"""
"=""5s2.5p4.(3P<1>).6p""","=""2[1]*""","=""3/2""",4,"=""""","=""73054.4376""","=""""","=""0.0015""","=""1.329""","=""  84                                 :    11  5s2.5p4.(3P<1>).6p  2[2]* ""","=""L3674,L368,u56"""
"=""5s2.5p4.(3P<1>).6p""","=""2[1]*""","=""1/2""",2,"=""""","=""73387.0136""","=""""","=""0.0015""","=""1.137""","=""  73                                 :    19  5s2.5p4.(3P<1>).6p  2[0]* ""","=""L3674,L368,u56"""
"=""5s2.5p4.(3P<1>).5d""","=""2[1]""","=""1/2""",2,"=""""","=""73114.655""","=""""","=""0.003""","=""""","=""  76                                 :     7  5s2.5p4.(1D<2>).5d  2[1]  ""","=""L3674,u56"""
"=""5s2.5p4.(3P<1>).5d""","=""2[1]""","=""3/2""",4,"=""""","=""74587.2507""","=""""","=""0.0019""","=""0.78""","=""  19                                 :    43  5s2.5p4.(3P<1>).5d  2[2]  ""","=""L3674,L368,u56"""
"=""5s2.5p4.(1D<2>).5d""","=""2[0]""","=""1/2""",2,"=""""","=""73477.6678""","=""""","=""0.0020""","=""""","=""  24                                 :    33  5s2.5p4.(3P<2>).5d  2[0]  ""","=""L3674,u56"""
"=""5s2.5p4.(3P<0>).5d""","=""2[2]""","=""3/2""",4,"=""""","=""73639.1366""","=""""","=""0.0019""","=""""","=""  48                                 :    22  5s2.5p4.(3P<1>).5d  2[1]  ""","=""L3674,u56"""
"=""5s2.5p4.(3P<0>).5d""","=""2[2]""","=""5/2""",6,"=""""","=""73795.1649""","=""""","=""0.0022""","=""""","=""  44                                 :    32  5s2.5p4.(3P<1>).5d  2[3]  ""","=""L3674,u56"""
"=""5s2.5p4.(3P<1>).5d""","=""2[3]""","=""7/2""",8,"=""""","=""73977.5493""","=""""","=""0.0024""","=""1.21""","=""  81                                 :     8  5s2.5p4.(3P<2>).6d  2[3]  ""","=""L3674,L368,u56"""
"=""5s2.5p4.(3P<1>).5d""","=""2[3]""","=""5/2""",6,"=""""","=""75177.0740""","=""""","=""0.0019""","=""1.26""","=""  34  5s2.5p4.(3P<2>).6d 2[3]        :    40  5s2.5p4.(3P<1>).5d  2[2]  ""","=""L3674,L368,u56"""
"=""5s2.5p4.(3P<2>).7p""","=""2[2]*""","=""5/2""",6,"=""""","=""74965.4759""","=""""","=""0.0017""","=""1.472""","=""  80                                 :    11  5s2.5p4.(3P<2>).7p  2[3]* ""","=""L3674,L368,u56"""
"=""5s2.5p4.(3P<2>).7p""","=""2[2]*""","=""3/2""",4,"=""""","=""75049.3522""","=""""","=""0.0016""","=""1.506""","=""  49                                 :    38  5s2.5p4.(3P<2>).7p  2[1]* ""","=""L3674,L368,u56"""
"=""5s2.5p4.(3P<2>).7p""","=""2[3]*""","=""5/2""",6,"=""""","=""75191.1777""","=""""","=""0.0016""","=""1.24""","=""  79                                 :    10  5s2.5p4.(3P<2>).7p  2[2]* ""","=""L3674,L368,u56"""
"=""5s2.5p4.(3P<2>).7p""","=""2[3]*""","=""7/2""",8,"=""""","=""75193.8973""","=""""","=""0.0017""","=""1.42""","=""  90                                 :    10  5s2.5p4.(1D<2>).7p  2[3]* ""","=""L3674,L368,u56"""
"=""5s2.5p4.(3P<2>).7p""","=""2[1]*""","=""1/2""",2,"=""""","=""75302.9060""","=""""","=""0.0015""","=""1.53""","=""  86                                 :    10  5s2.5p4.(1D<2>).7p  2[1]* ""","=""L3674,L368,u56"""
"=""5s2.5p4.(3P<2>).7p""","=""2[1]*""","=""3/2""",4,"=""""","=""75621.2694""","=""""","=""0.0013""","=""1.483""","=""  50                                 :    37  5s2.5p4.(3P<2>).7p  2[2]* ""","=""L3674,L368,u56"""
"=""5s2.5p4.(3P<2>).6d""","=""2[3]""","=""7/2""",8,"=""""","=""75510.9743""","=""""","=""0.0020""","=""1.320""","=""  68                                 :    16  5s2.5p4.(3P<2>).6d  2[4]  ""","=""L3674,L368,u56"""
"=""5s2.5p4.(3P<2>).6d""","=""2[3]""","=""5/2""",6,"=""""","=""76106.3914""","=""""","=""0.0020""","=""""","=""  49  5s2.5p4.(3P<1>).5d 2[2]        :    17  5s2.5p4.(3P<2>).6d  2[2]  ""","=""L3674,u56"""
"=""5s2.5p4.(3P<2>).6d""","=""2[4]""","=""9/2""",10,"=""""","=""75703.9375""","=""""","=""0.0031""","=""1.338""","=""  89                                 :    10  5s2.5p4.(1D<2>).6d  2[4]  ""","=""L3674,L368,u56"""
"=""5s2.5p4.(3P<2>).6d""","=""2[4]""","=""7/2""",8,"=""""","=""76004.5671""","=""""","=""0.0020""","=""""","=""  71                                 :    12  5s2.5p4.(3P<2>).6d  2[3]  ""","=""L3674,u56"""
"=""5s2.5p4.(3P<2>).6d""","=""2[0]""","=""1/2""",2,"=""""","=""75714.2677""","=""""","=""0.0023""","=""""","=""  77  5s2.5p4.(3P<2>).6d 2[1]        :    11  5s2.5p4.(1D<2>).6d  2[1]  ""","=""L3674,u56"""
"=""5s2.5p4.(3P<1>).5d""","=""2[2]""","=""3/2""",4,"=""""","=""75823.7462""","=""""","=""0.0022""","=""1.41""","=""  60  5s2.5p4.(3P<2>).6d 2[1]        :    14  5s2.5p4.(3P<1>).5d  2[2]  ""","=""L3674,L368,u56"""
"=""5s2.5p4.(3P<1>).5d""","=""2[2]""","=""5/2""",6,"=""""","=""75898.7307""","=""""","=""0.0019""","=""1.14""","=""  45  5s2.5p4.(3P<2>).6d 2[2]        :    25  5s2.5p4.(3P<0>).5d  2[2]  ""","=""L3674,L368,u56"""
"=""5s2.5p4.(3P<2>).6d""","=""2[1]""","=""3/2""",4,"=""""","=""76136.2488""","=""""","=""0.0019""","=""1.04""","=""  46  5s2.5p4.(3P<2>).6d 2[2]        :    33  5s2.5p4.(3P<1>).5d  2[1]  ""","=""L3674,L368,u56"""
"=""5s2.5p4.(3P<2>).6d""","=""2[1]""","=""1/2""",2,"=""""","=""76417.6231""","=""""","=""0.0018""","=""""","=""  71  5s2.5p4.(3P<2>).6d 2[0]        :     8  5s2.5p4.(1D<2>).5d  2[0]  ""","=""L3674,u56"""
"=""5s2.5p4.(3P<2>).6d""","=""2[2]""","=""3/2""",4,"=""""","=""76746.7844""","=""""","=""0.0020""","=""""","=""  24  5s2.5p4.(3P<1>).5d 2[2]        :    23  5s2.5p4.(3P<2>).6d  2[1]  ""","=""L3674,u56"""
"=""5s2.5p4.(3P<2>).6d""","=""2[2]""","=""5/2""",6,"=""""","=""76903.0932""","=""""","=""0.0021""","=""""","=""  19  5s2.5p4.(3P<1>).5d 2[3]        :    27  5s2.5p4.(3P<2>).6d  2[3]  ""","=""L3674,u56"""
"=""5s2.5p4.(3P<2>).4f""","=""2[4]*""","=""9/2""",10,"=""""","=""77306.3948""","=""""","=""0.0021""","=""""","=""  90                                 :    10  5s2.5p4.(1D<2>).4f  2[4]* ""","=""L3674,u56"""
"=""5s2.5p4.(3P<2>).4f""","=""2[4]*""","=""7/2""",8,"=""""","=""77307.1197""","=""""","=""0.0025""","=""""","=""  66                                 :    22  5s2.5p4.(3P<2>).4f  2[3]* ""","=""L3674,u56"""
"=""5s2.5p4.(3P<2>).4f""","=""2[3]*""","=""5/2""",6,"=""""","=""77307.1471""","=""""","=""0.0024""","=""""","=""  89                                 :     9  5s2.5p4.(1D<2>).4f  2[3]* ""","=""L3674,u56"""
"=""5s2.5p4.(3P<2>).4f""","=""2[3]*""","=""7/2""",8,"=""""","=""77313.2986""","=""""","=""0.0021""","=""""","=""  67                                 :    23  5s2.5p4.(3P<2>).4f  2[4]* ""","=""L3674,u56"""
"=""5s2.5p4.(3P<2>).4f""","=""2[2]*""","=""3/2""",4,"=""""","=""77356.4812""","=""""","=""0.0021""","=""""","=""  89                                 :    10  5s2.5p4.(1D<2>).4f  2[2]* ""","=""L3674,u56"""
"=""5s2.5p4.(3P<2>).4f""","=""2[2]*""","=""5/2""",6,"=""""","=""77359.4339""","=""""","=""0.0020""","=""""","=""  89                                 :    10  5s2.5p4.(1D<2>).4f  2[2]* ""","=""L3674,u56"""
"=""5s2.5p4.(3P<2>).4f""","=""2[5]*""","=""11/2""",12,"=""""","=""77361.963""","=""""","=""0.004""","=""""","=""  90                                 :    10  5s2.5p4.(1D<2>).4f  2[5]* ""","=""L3674,u56"""
"=""5s2.5p4.(3P<2>).4f""","=""2[5]*""","=""9/2""",10,"=""""","=""77362.6361""","=""""","=""0.0030""","=""""","=""  90                                 :    10  5s2.5p4.(1D<2>).4f  2[5]* ""","=""L3674,u56"""
"=""5s2.5p4.(3P<2>).4f""","=""2[1]*""","=""1/2""",2,"=""""","=""77404.2088""","=""""","=""0.0021""","=""""","=""  90                                 :    10  5s2.5p4.(1D<2>).4f  2[1]* ""","=""L3674,u56"""
"=""5s2.5p4.(3P<2>).4f""","=""2[1]*""","=""3/2""",4,"=""""","=""77406.6276""","=""""","=""0.0020""","=""""","=""  89                                 :    10  5s2.5p4.(1D<2>).4f  2[1]* ""","=""L3674,u56"""
"=""5s2.5p4.(3P<2>).8s""","=""2[2]""","=""5/2""",6,"=""""","=""77450.5492""","=""""","=""0.0017""","=""1.563""","=""  85                                 :     9  5s2.5p4.(1D<2>).8s  2[2]  ""","=""L3674,L368,u56"""
"=""5s2.5p4.(3P<2>).8s""","=""2[2]""","=""3/2""",4,"=""""","=""77555.6542""","=""""","=""0.0016""","=""1.35""","=""  87                                 :     9  5s2.5p4.(1D<2>).8s  2[2]  ""","=""L3674,L368,u56"""
"=""5s2.5p4.(1D<2>).6p""","=""2[1]*""","=""3/2""",4,"=""""","=""78415.0912""","=""""","=""0.0021""","=""1.39""","=""  54                                 :    32  5s2.5p4.(3P<2>).8p  2[2]* ""","=""L3674,L368,u56"""
"=""5s2.5p4.(1D<2>).6p""","=""2[1]*""","=""1/2""",2,"=""""","=""79701.4352""","=""""","=""0.0020""","=""1.02""","=""  61                                 :    10  5s2.5p4.(3P<2>).6p  2[1]* ""","=""L3674,L368,u56"""
"=""5s2.5p4.(3P<0>).7s""","=""2[0]""","=""1/2""",2,"=""""","=""78415.5080""","=""""","=""0.0018""","=""""","=""  67                                 :    12  5s2.5p4.(3P<2>).7d  2[0]  ""","=""L3674,u56"""
"=""5s2.5p4.(1D<2>).6p""","=""2[3]*""","=""5/2""",6,"=""""","=""78592.4119""","=""""","=""0.0018""","=""""","=""  83                                 :    10  5s2.5p4.(3P<2>).6p  2[3]* ""","=""L3674,u56"""
"=""5s2.5p4.(1D<2>).6p""","=""2[3]*""","=""7/2""",8,"=""""","=""79003.437""","=""""","=""0.003""","=""1.03""","=""  86                                 :    10  5s2.5p4.(3P<2>).6p  2[3]* ""","=""L3674,L368,u56"""
"=""5s2.5p4.(3P<2>).8p""","=""2[2]*""","=""5/2""",6,"=""""","=""78732.074""","=""""","=""0.003""","=""1.454""","=""  78                                 :    11  5s2.5p4.(3P<2>).8p  2[3]* ""","=""L3674,L368,u56"""
"=""5s2.5p4.(3P<2>).8p""","=""2[2]*""","=""3/2""",4,"=""""","=""78815.2628""","=""""","=""0.0025""","=""1.71""","=""  72  5s2.5p4.(3P<2>).8p 2[1]*       :    12  5s2.5p4.(3P<2>).8p  2[2]* ""","=""L13998,L368,u56"""
"=""5s2.5p4.(3P<2>).8p""","=""2[1]*""","=""1/2""",2,"=""""","=""78779.9156""","=""""","=""0.0024""","=""1.479""","=""  80                                 :     9  5s2.5p4.(1D<2>).8p  2[1]* ""","=""L3674,L368,u56"""
"=""5s2.5p4.(3P<2>).8p""","=""2[1]*""","=""3/2""",4,"=""""","=""79224.4978""","=""""","=""0.0019""","=""1.30""","=""  45  5s2.5p4.(3P<2>).8p 2[2]*       :    21  5s2.5p4.(1D<2>).6p  2[1]* ""","=""L3674,L368,u56"""
"=""5s2.5p4.(3P<2>).8p""","=""2[3]*""","=""7/2""",8,"=""""","=""78844.149""","=""""","=""0.003""","=""""","=""  89                                 :    10  5s2.5p4.(1D<2>).8p  2[3]* ""","=""L3674,u56"""
"=""5s2.5p4.(3P<2>).8p""","=""2[3]*""","=""5/2""",6,"=""""","=""78854.595""","=""""","=""0.003""","=""1.11""","=""  75                                 :    11  5s2.5p4.(3P<2>).8p  2[2]* ""","=""L3674,L368,u56"""
"=""5s2.5p4.(3P<2>).7d""","=""2[1]""","=""1/2""",2,"=""""","=""78889.3531""","=""""","=""0.0022""","=""""","=""  64                                 :    16  5s2.5p4.(3P<1>).7s  2[1]  ""","=""L3674,u56"""
"=""5s2.5p4.(3P<2>).7d""","=""2[1]""","=""3/2""",4,"=""""","=""79030.8318""","=""""","=""0.0018""","=""1.23""","=""  78  5s2.5p4.(3P<2>).7d 2[2]        :     8  5s2.5p4.(1D<2>).7d  2[2]  ""","=""L3674,L368,u56"""
"=""5s2.5p4.(3P<1>).7s""","=""2[1]""","=""3/2""",4,"=""""","=""78891.0285""","=""""","=""0.0018""","=""1.59""","=""  62                                 :    29  5s2.5p4.(3P<2>).7d  2[1]  ""","=""L3674,L368,u56"""
"=""5s2.5p4.(3P<1>).7s""","=""2[1]""","=""1/2""",2,"=""""","=""79285.1060""","=""""","=""0.0019""","=""""","=""  68  5s2.5p4.(3P<2>).7d 2[0]        :    12  5s2.5p4.(3P<0>).7s  2[0]  ""","=""L3674,u56"""
"=""5s2.5p4.(3P<2>).7d""","=""2[3]""","=""7/2""",8,"=""""","=""78903.8826""","=""""","=""0.0024""","=""1.36""","=""  82                                 :     8  5s2.5p4.(1D<2>).7d  2[3]  ""","=""L3674,L368,u56"""
"=""5s2.5p4.(3P<2>).7d""","=""2[3]""","=""5/2""",6,"=""""","=""78943.1882""","=""""","=""0.0023""","=""1.41""","=""  64  5s2.5p4.(3P<2>).7d 2[2]        :    23  5s2.5p4.(3P<2>).7d  2[3]  ""","=""L3674,L368,u56"""
"=""5s2.5p4.(3P<2>).7d""","=""2[4]""","=""9/2""",10,"=""""","=""79054.833""","=""""","=""0.004""","=""1.332""","=""  89                                 :    10  5s2.5p4.(1D<2>).7d  2[4]  ""","=""L3674,L368,u56"""
"=""5s2.5p4.(3P<2>).7d""","=""2[4]""","=""7/2""",8,"=""""","=""79150.374""","=""""","=""0.004""","=""""","=""  82                                 :     9  5s2.5p4.(1D<2>).7d  2[4]  ""","=""L3674,u56"""
"=""5s2.5p4.(3P<2>).7d""","=""2[0]""","=""1/2""",2,"=""""","=""79393.0339""","=""""","=""0.0022""","=""""","=""  76  5s2.5p4.(3P<1>).7s 2[1]        :    16  5s2.5p4.(3P<2>).7d  2[1]  ""","=""L3674,u56"""
"=""5s2.5p4.(3P<2>).7d""","=""2[2]""","=""3/2""",4,"=""""","=""79395.7471""","=""""","=""0.0020""","=""1.42""","=""  49  5s2.5p4.(3P<2>).7d 2[1]        :    32  5s2.5p4.(3P<1>).7s  2[1]  ""","=""L3674,L368,u56"""
"=""5s2.5p4.(3P<2>).7d""","=""2[2]""","=""5/2""",6,"=""""","=""79418.3400""","=""""","=""0.0025""","=""1.17""","=""  51  5s2.5p4.(3P<2>).7d 2[3]        :    17  5s2.5p4.(3P<2>).7d  2[2]  ""","=""L3674,L368,u56"""
"=""5s2.5p4.(3P<2>).5f""","=""2[4]*""","=""9/2""",10,"=""""","=""79829.417""","=""""","=""0.003""","=""""","=""  90                                 :    10  5s2.5p4.(1D<2>).5f  2[4]* ""","=""L3674,u56"""
"=""5s2.5p4.(3P<2>).5f""","=""2[4]*""","=""7/2""",8,"=""""","=""79832.7939""","=""""","=""0.0025""","=""""","=""  83                                 :     9  5s2.5p4.(1D<2>).5f  2[4]* ""","=""L3674,u56"""
"=""5s2.5p4.(3P<2>).5f""","=""2[2]*""","=""3/2""",4,"=""""","=""79834.739""","=""""","=""0.003""","=""""","=""  82                                 :     9  5s2.5p4.(1D<2>).5f  2[2]* ""","=""L13998,u56"""
"=""5s2.5p4.(3P<2>).5f""","=""2[2]*""","=""5/2""",6,"=""""","=""79839.9979""","=""""","=""0.0023""","=""""","=""  53                                 :    33  5s2.5p4.(3P<2>).5f  2[3]* ""","=""L3674,u56"""
"=""5s2.5p4.(3P<2>).5f""","=""2[3]*""","=""5/2""",6,"=""""","=""79844.3129""","=""""","=""0.0022""","=""""","=""  57                                 :    32  5s2.5p4.(3P<2>).5f  2[2]* ""","=""L3674,u56"""
"=""5s2.5p4.(3P<2>).5f""","=""2[3]*""","=""7/2""",8,"=""""","=""79847.5290""","=""""","=""0.0025""","=""""","=""  83                                 :     9  5s2.5p4.(1D<2>).5f  2[3]* ""","=""L3674,u56"""
"=""5s2.5p4.(3P<2>).5f""","=""2[5]*""","=""11/2""",12,"=""""","=""79858.813""","=""""","=""0.004""","=""""","=""  90                                 :    10  5s2.5p4.(1D<2>).5f  2[5]* ""","=""L3674,u56"""
"=""5s2.5p4.(3P<2>).5f""","=""2[5]*""","=""9/2""",10,"=""""","=""79859.389""","=""""","=""0.004""","=""""","=""  90                                 :    10  5s2.5p4.(1D<2>).5f  2[5]* ""","=""L3674,u56"""
"=""5s2.5p4.(3P<2>).5f""","=""2[1]*""","=""3/2""",4,"=""""","=""79881.208""","=""""","=""0.006""","=""""","=""  90                                 :    10  5s2.5p4.(1D<2>).5f  2[1]* ""","=""L3674,u56"""
"=""5s2.5p4.(3P<2>).5f""","=""2[1]*""","=""1/2""",2,"=""""","=""79881.588""","=""""","=""0.004""","=""""","=""  89                                 :    10  5s2.5p4.(1D<2>).5f  2[1]* ""","=""L3674,u56"""
"=""5s2.5p4.(3P<2>).5g""","=""2[4]""","=""7/2""",8,"=""""","=""79887.80""","=""""","=""0.06""","=""""","=""  90                                 :     9  5s2.5p4.(1D<2>).5g  2[4]  ""","=""L821,u56"""
"=""5s2.5p4.(3P<2>).5g""","=""2[4]""","=""9/2""",10,"=""""","=""79887.936""","=""""","=""0.016""","=""""","=""  75                                 :    15  5s2.5p4.(3P<2>).5g  2[5]  ""","=""L821,u56"""
"=""5s2.5p4.(3P<2>).5g""","=""2[5]""","=""11/2""",12,"=""""","=""79887.862""","=""""","=""0.005""","=""""","=""  90                                 :     9  5s2.5p4.(1D<2>).5g  2[5]  ""","=""L821,u56"""
"=""5s2.5p4.(3P<2>).5g""","=""2[5]""","=""9/2""",10,"=""""","=""79887.873""","=""""","=""0.007""","=""""","=""  76                                 :    15  5s2.5p4.(3P<2>).5g  2[4]  ""","=""L821,u56"""
"=""5s2.5p4.(3P<2>).5g""","=""2[3]""","=""7/2""",8,"=""""","=""79895.344""","=""""","=""0.005""","=""""","=""  90                                 :    10  5s2.5p4.(1D<2>).5g  2[3]  ""","=""L821,u56"""
"=""5s2.5p4.(3P<2>).5g""","=""2[3]""","=""5/2""",6,"=""""","=""79895.487""","=""""","=""0.006""","=""""","=""  90                                 :     9  5s2.5p4.(1D<2>).5g  2[3]  ""","=""L821,u56"""
"=""5s2.5p4.(3P<2>).5g""","=""2[6]""","=""11/2""",12,"=""""","=""79899.683""","=""""","=""0.006""","=""""","=""  90                                 :    10  5s2.5p4.(1D<2>).5g  2[6]  ""","=""L821,u56"""
"=""5s2.5p4.(3P<2>).5g""","=""2[6]""","=""13/2""",14,"=""""","=""79899.686""","=""""","=""0.008""","=""""","=""  90                                 :    10  5s2.5p4.(1D<2>).5g  2[6]  ""","=""L821,u56"""
"=""5s2.5p4.(3P<2>).5g""","=""2[2]""","=""3/2""",4,"=""""","=""79904.560""","=""""","=""0.011""","=""""","=""  90                                 :    10  5s2.5p4.(1D<2>).5g  2[2]  ""","=""L821,u56"""
"=""5s2.5p4.(3P<2>).5g""","=""2[2]""","=""5/2""",6,"=""""","=""79904.705""","=""""","=""0.005""","=""""","=""  90                                 :    10  5s2.5p4.(1D<2>).5g  2[2]  ""","=""L821,u56"""
"=""5s2.5p4.(3P<2>).9s""","=""2[2]""","=""5/2""",6,"=""""","=""79914.5227""","=""""","=""0.0022""","=""1.56""","=""  86                                 :     9  5s2.5p4.(1D<2>).9s  2[2]  ""","=""L3674,L368,u56"""
"=""5s2.5p4.(3P<2>).9s""","=""2[2]""","=""3/2""",4,"=""""","=""79946.9763""","=""""","=""0.0024""","=""""","=""  87                                 :     9  5s2.5p4.(1D<2>).9s  2[2]  ""","=""L3674,u56"""
"=""5s2.5p4.(1D<2>).6p""","=""2[2]*""","=""3/2""",4,"=""""","=""80039.650""","=""""","=""0.003""","=""""","=""  79                                 :     8  5s2.5p4.(3P<2>).5f  2[2]* ""","=""L3674,L368,u56"""
"=""5s2.5p4.(1D<2>).6p""","=""2[2]*""","=""5/2""",6,"=""""","=""80125.2861""","=""""","=""0.0024""","=""1.05""","=""  81                                 :     7  5s2.5p4.(3P<2>).6p  2[2]* ""","=""L13998,L368,u56"""
"=""5s2.5p4.(1D<2>).5d""","=""2[4]""","=""9/2""",10,"=""""","=""80597.12""","=""?""","=""0.10""","=""""","=""  87                                 :    10  5s2.5p4.(3P<2>).5d  2[4]  ""","=""L13998,u56"""
"=""5s2.5p4.(3P<2>).9p""","=""2[2]*""","=""3/2""",4,"=""""","=""80615.983""","=""""","=""0.012""","=""""","=""  51  5s2.5p4.(3P<2>).9p 2[1]*       :    37  5s2.5p4.(3P<2>).9p  2[2]* ""","=""L13998,u56"""
"=""5s2.5p4.(3P<2>).9p""","=""2[2]*""","=""5/2""",6,"=""""","=""80624.176""","=""""","=""0.004""","=""""","=""  81                                 :     9  5s2.5p4.(1D<2>).9p  2[2]* ""","=""L13998,u56"""
"=""5s2.5p4.(3P<2>).9p""","=""2[3]*""","=""5/2""",6,"=""""","=""80658.922""","=""""","=""0.005""","=""""","=""  83                                 :     9  5s2.5p4.(1D<2>).9p  2[3]* ""","=""L13998,u56"""
"=""5s2.5p4.(3P<2>).9p""","=""2[3]*""","=""7/2""",8,"=""""","=""80661.147""","=""""","=""0.005""","=""""","=""  90                                 :    10  5s2.5p4.(1D<2>).9p  2[3]* ""","=""L13998,u56"""
"=""5s2.5p4.(3P<2>).8d""","=""2[3]""","=""7/2""",8,"=""""","=""80676.010""","=""""","=""0.003""","=""1.40""","=""  82                                 :     8  5s2.5p4.(1D<2>).8d  2[3]  ""","=""L13998,L368,u56"""
"=""5s2.5p4.(3P<2>).8d""","=""2[3]""","=""5/2""",6,"=""""","=""80679.946""","=""""","=""0.003""","=""1.37""","=""  74  5s2.5p4.(3P<2>).8d 2[2]        :    12  5s2.5p4.(3P<2>).8d  2[3]  ""","=""L13998,L368,u56"""
"=""5s2.5p4.(3P<2>).8d""","=""2[1]""","=""3/2""",4,"=""""","=""80690.783""","=""""","=""0.003""","=""""","=""  45  5s2.5p4.(3P<2>).8d 2[2]        :    17  5s2.5p4.(3P<2>).8d  2[1]  ""","=""L13998,u56"""
"=""5s2.5p4.(3P<2>).8d""","=""2[1]""","=""1/2""",2,"=""""","=""80693.841""","=""""","=""0.004""","=""""","=""  47                                 :    35  5s2.5p4.(3P<2>).8d  2[0]  ""","=""L13998,u56"""
"=""5s2.5p4.(3P<2>).9p""","=""2[1]*""","=""1/2""",2,"=""""","=""80720.728""","=""""","=""0.008""","=""""","=""  85                                 :    10  5s2.5p4.(1D<2>).9p  2[1]* ""","=""L13998,u56"""
"=""5s2.5p4.(3P<2>).9p""","=""2[1]*""","=""3/2""",4,"=""""","=""80797.612""","=""""","=""0.004""","=""""","=""  48  5s2.5p4.(3P<2>).9p 2[2]*       :    36  5s2.5p4.(3P<2>).9p  2[1]* ""","=""L13998,u56"""
"=""5s2.5p4.(3P<2>).8d""","=""2[4]""","=""9/2""",10,"=""""","=""80772.208""","=""""","=""0.003""","=""""","=""  89                                 :     9  5s2.5p4.(1D<2>).8d  2[4]  ""","=""L13998,u56"""
"=""5s2.5p4.(3P<2>).8d""","=""2[4]""","=""7/2""",8,"=""""","=""80868.991""","=""""","=""0.004""","=""""","=""  73                                 :    10  5s2.5p4.(1D<2>).5d  2[4]  ""","=""L13998,u56"""
"=""5s2.5p4.(3P<2>).8d""","=""2[2]""","=""3/2""",4,"=""""","=""80782.313""","=""""","=""0.004""","=""1.46""","=""  59  5s2.5p4.(3P<2>).8d 2[1]        :    28  5s2.5p4.(3P<2>).8d  2[2]  ""","=""L13998,L368,u56"""
"=""5s2.5p4.(3P<2>).8d""","=""2[2]""","=""5/2""",6,"=""""","=""80882.144""","=""""","=""0.003""","=""""","=""  66  5s2.5p4.(3P<2>).8d 2[3]        :    13  5s2.5p4.(1D<2>).5d  2[2]  ""","=""L13998,u56"""
"=""5s2.5p4.(3P<2>).8d""","=""2[0]""","=""1/2""",2,"=""""","=""80825.456""","=""""","=""0.006""","=""""","=""  49                                 :    39  5s2.5p4.(3P<2>).8d  2[1]  ""","=""L13998,L21117,u56"""
"=""5s2.5p4.(1D<2>).5d""","=""2[1]""","=""3/2""",4,"=""""","=""81072.448""","=""""","=""0.003""","=""""","=""  19                                 :    15  5s2.5p4.(3P<0>).6d  2[2]  ""","=""L3674,u56"""
"=""5s2.5p4.(3P<2>).6f""","=""2[4]*""","=""9/2""",10,"=""""","=""81199.620""","=""""","=""0.004""","=""""","=""  90                                 :    10  5s2.5p4.(1D<2>).6f  2[4]* ""","=""L13998,u56"""
"=""5s2.5p4.(3P<2>).6f""","=""2[4]*""","=""7/2""",8,"=""""","=""81201.541""","=""""","=""0.004""","=""""","=""  68                                 :    22  5s2.5p4.(3P<2>).6f  2[3]* ""","=""L13998,u56"""
"=""5s2.5p4.(3P<2>).6f""","=""2[3]*""","=""5/2""",6,"=""""","=""81205.240""","=""""","=""0.004""","=""""","=""  87                                 :     9  5s2.5p4.(1D<2>).6f  2[3]* ""","=""L13998,u56"""
"=""5s2.5p4.(3P<2>).6f""","=""2[3]*""","=""7/2""",8,"=""""","=""81207.057""","=""""","=""0.005""","=""""","=""  68                                 :    22  5s2.5p4.(3P<2>).6f  2[4]* ""","=""L13998,u56"""
"=""5s2.5p4.(3P<2>).6f""","=""2[2]*""","=""3/2""",4,"=""""","=""81216.528""","=""""","=""0.006""","=""""","=""  88                                 :    10  5s2.5p4.(1D<2>).6f  2[2]* ""","=""L13998,u56"""
"=""5s2.5p4.(3P<2>).6f""","=""2[2]*""","=""5/2""",6,"=""""","=""81218.998""","=""""","=""0.017""","=""""","=""  86                                 :     9  5s2.5p4.(1D<2>).6f  2[2]* ""","=""L13998,u56"""
"=""5s2.5p4.(3P<2>).6f""","=""2[5]*""","=""11/2""",12,"=""""","=""81216.954""","=""""","=""0.007""","=""""","=""  90                                 :    10  5s2.5p4.(1D<2>).6f  2[5]* ""","=""L13998,u56"""
"=""5s2.5p4.(3P<2>).6f""","=""2[5]*""","=""9/2""",10,"=""""","=""81217.372""","=""""","=""0.004""","=""""","=""  90                                 :    10  5s2.5p4.(1D<2>).6f  2[5]* ""","=""L13998,u56"""
"=""5s2.5p4.(3P<2>).6f""","=""2[1]*""","=""1/2""",2,"=""""","=""81225.763""","=""""","=""0.004""","=""""","=""  88                                 :    10  5s2.5p4.(1D<2>).6f  2[1]* ""","=""L13998,u56"""
"=""5s2.5p4.(3P<2>).6f""","=""2[1]*""","=""3/2""",4,"=""""","=""81227.078""","=""""","=""0.004""","=""""","=""  88                                 :    10  5s2.5p4.(1D<2>).6f  2[1]* ""","=""L13998,u56"""
"=""5s2.5p4.(3P<2>).10s""","=""2[2]""","=""5/2""",6,"=""""","=""81252.267""","=""""","=""0.004""","=""1.53""","=""  86                                 :     9  5s2.5p4.(1D<2>).10s 2[2]  ""","=""L13998,L368,u56"""
"=""5s2.5p4.(3P<2>).10s""","=""2[2]""","=""3/2""",4,"=""""","=""81374.18""","=""""","=""0.03""","=""""","=""  81                                 :     8  5s2.5p4.(1D<2>).10s 2[2]  ""","=""L13998,u56"""
"=""5s2.5p4.(3P<1>).7p""","=""2[0]*""","=""1/2""",2,"=""""","=""81506.674""","=""""","=""0.004""","=""""","=""  72  5s2.5p4.(3P<0>).7p 2[1]*       :    14  5s2.5p4.(1S<0>).7p  2[1]* ""","=""L13998,u56"""
"=""5s2.5p4.(3P<0>).7p""","=""2[1]*""","=""1/2""",2,"=""""","=""81604.664""","=""""","=""0.005""","=""""","=""  84  5s2.5p4.(3P<2>).10p 2[1]*      :     9  5s2.5p4.(1D<2>).10p 2[1]* ""","=""L13998,u56"""
"=""5s2.5p4.(3P<0>).7p""","=""2[1]*""","=""3/2""",4,"=""""","=""81722.750""","=""""","=""0.004""","=""1.39""","=""  57                                 :    12  5s2.5p4.(3P<2>).10p 2[1]* ""","=""L13998,L368,u56"""
"=""5s2.5p4.(3P<2>).9d""","=""2[2]""","=""5/2""",6,"=""""","=""81642.095""","=""""","=""0.038""","=""""","=""  33                                 :    26  5s2.5p4.(3P<2>).9d  2[3]  ""","=""L13998,u56"""
"=""5s2.5p4.(3P<2>).9d""","=""2[2]""","=""3/2""",4,"=""""","=""81694.026""","=""""","=""0.024""","=""""","=""  41  5s2.5p4.(3P<2>).9d 2[1]        :    27  5s2.5p4.(3P<2>).9d  2[2]  ""","=""L13998,u56"""
"=""5s2.5p4.(3P<2>).9d""","=""2[0]""","=""1/2""",2,"=""""","=""81665.738""","=""""","=""0.023""","=""""","=""  48                                 :    23  5s2.5p4.(3P<2>).9d  2[1]  ""","=""L13998,u56"""
"=""5s2.5p4.(3P<2>).9d""","=""2[3]""","=""7/2""",8,"=""""","=""81688.86""","=""""","=""0.05""","=""""","=""  79                                 :     8  5s2.5p4.(1D<2>).9d  2[3]  ""","=""L13998,u56"""
"=""5s2.5p4.(3P<2>).9d""","=""2[3]""","=""5/2""",6,"=""""","=""81695.853""","=""""","=""0.038""","=""""","=""  44                                 :    38  5s2.5p4.(3P<2>).9d  2[2]  ""","=""L13998,u56"""
"=""5s2.5p4.(3P<2>).10p""","=""2[3]*""","=""5/2""",6,"=""""","=""81694.35""","=""""","=""0.08""","=""""","=""  82                                 :     9  5s2.5p4.(1D<2>).10p 2[3]* ""","=""L13998,u56"""
"=""5s2.5p4.(3P<2>).10p""","=""2[3]*""","=""7/2""",8,"=""""","=""81697.18""","=""""","=""0.05""","=""""","=""  90                                 :    10  5s2.5p4.(1D<2>).10p 2[3]* ""","=""L13998,u56"""
"=""5s2.5p4.(3P<2>).9d""","=""2[1]""","=""3/2""",4,"=""""","=""81737.36""","=""""","=""0.04""","=""""","=""  54  5s2.5p4.(3P<2>).9d 2[2]        :    30  5s2.5p4.(3P<2>).9d  2[1]  ""","=""L13998,u56"""
"=""5s2.5p4.(3P<2>).9d""","=""2[1]""","=""1/2""",2,"=""""","=""81744.70""","=""""","=""0.04""","=""""","=""  64                                 :    21  5s2.5p4.(3P<2>).9d  2[0]  ""","=""L13998,u56"""
"=""5s2.5p4.(3P<2>).9d""","=""2[4]""","=""9/2""",10,"=""""","=""81760.392""","=""""","=""0.011""","=""""","=""  90                                 :     9  5s2.5p4.(1D<2>).9d  2[4]  ""","=""L13998,u56"""
"=""5s2.5p4.(3P<2>).9d""","=""2[4]""","=""7/2""",8,"=""""","=""81789.998""","=""""","=""0.007""","=""""","=""  82                                 :     9  5s2.5p4.(1D<2>).9d  2[4]  ""","=""L13998,u56"""
"=""5s2.5p4.(3P<2>).7f""","=""2[4]*""","=""9/2""",10,"=""""","=""82024.59""","=""""","=""0.04""","=""""","=""  90                                 :    10  5s2.5p4.(1D<2>).7f  2[4]* ""","=""L13998,u56"""
"=""5s2.5p4.(3P<2>).7f""","=""2[4]*""","=""7/2""",8,"=""""","=""82025.78""","=""""","=""0.03""","=""""","=""  61                                 :    29  5s2.5p4.(3P<2>).7f  2[3]* ""","=""L13998,u56"""
"=""5s2.5p4.(3P<2>).7f""","=""2[1]*""","=""1/2""",2,"=""""","=""82025.85""","=""""","=""0.03""","=""""","=""  33                                 :    30  5s2.5p4.(3P<1>).7p  2[0]* ""","=""L13998,u56"""
"=""5s2.5p4.(3P<2>).7f""","=""2[1]*""","=""3/2""",4,"=""""","=""82045.195""","=""""","=""0.012""","=""""","=""  89                                 :    10  5s2.5p4.(1D<2>).7f  2[1]* ""","=""L13998,u56"""
"=""5s2.5p4.(3P<2>).7f""","=""2[3]*""","=""5/2""",6,"=""""","=""82027.833""","=""""","=""0.012""","=""""","=""  80                                 :    10  5s2.5p4.(3P<2>).7f  2[2]* ""","=""L13998,u56"""
"=""5s2.5p4.(3P<2>).7f""","=""2[3]*""","=""7/2""",8,"=""""","=""82029.147""","=""""","=""0.020""","=""""","=""  61                                 :    29  5s2.5p4.(3P<2>).7f  2[4]* ""","=""L13998,u56"""
"=""5s2.5p4.(3P<1>).6d""","=""2[1]""","=""1/2""",2,"=""""","=""82028.417""","=""""","=""0.019""","=""""","=""  57                                 :    18  5s2.5p4.(3P<2>).9d  2[0]  ""","=""L13998,u56"""
"=""5s2.5p4.(3P<1>).6d""","=""2[1]""","=""3/2""",4,"=""""","=""82159.624""","=""""","=""0.016""","=""""","=""  22                                 :    24  5s2.5p4.(3P<2>).10d 2[1]  ""","=""L13998,u56"""
"=""5s2.5p4.(3P<2>).7f""","=""2[2]*""","=""3/2""",4,"=""""","=""82033.38""","=""""","=""0.03""","=""""","=""  89                                 :    10  5s2.5p4.(1D<2>).7f  2[2]* ""","=""L13998,u56"""
"=""5s2.5p4.(3P<2>).7f""","=""2[5]*""","=""11/2""",12,"=""""","=""82035.649""","=""""","=""0.008""","=""""","=""  90                                 :    10  5s2.5p4.(1D<2>).7f  2[5]* ""","=""L13998,u56"""
"=""5s2.5p4.(3P<2>).7f""","=""2[5]*""","=""9/2""",10,"=""""","=""82035.82""","=""""","=""0.04""","=""""","=""  90                                 :    10  5s2.5p4.(1D<2>).7f  2[5]* ""","=""L13998,u56"""
"=""5s2.5p4.(1D<2>).5d""","=""2[2]""","=""5/2""",6,"=""""","=""82041.027""","=""""","=""0.024""","=""""","=""  81  5s2.5p4.(3P<2>).11s 2[2]       :     8  5s2.5p4.(1D<2>).11s 2[2]  ""","=""L13998,u56"""
"=""5s2.5p4.(1D<2>).5d""","=""2[2]""","=""3/2""",4,"=""""","=""82235.315""","=""""","=""0.025""","=""""","=""  34  5s2.5p4.(3P<0>).6d 2[2]        :    24  5s2.5p4.(3P<2>).10d 2[2]  ""","=""L13998,u56"""
"=""5s2.5p4.(3P<2>).11s""","=""2[2]""","=""5/2""",6,"=""""","=""82073.94""","=""""","=""0.04""","=""""","=""  13  5s2.5p4.(3P<1>).6d 2[3]        :    13  5s2.5p4.(3P<2>).9d  2[2]  ""","=""L13998,u56"""
"=""5s2.5p4.(3P<2>).11s""","=""2[2]""","=""3/2""",4,"=""""","=""82093.63""","=""""","=""0.04""","=""""","=""  84                                 :     9  5s2.5p4.(1D<2>).11s 2[2]  ""","=""L13998,u56"""
"=""5s2.5p4.(1D<2>).5d""","=""2[3]""","=""5/2""",6,"=""""","=""82144.343""","=""""","=""0.005""","=""""","=""  43  5s2.5p4.(3P<0>).6d 2[2]        :    12  5s2.5p4.(3P<2>).10d 2[3]  ""","=""L13998,u56"""
"=""5s2.5p4.(3P<1>).7p""","=""2[2]*""","=""5/2""",6,"=""""","=""82213.791""","=""""","=""0.003""","=""""","=""  91                                                                    ""","=""L13998,u56"""
"=""5s2.5p4.(3P<1>).7p""","=""2[2]*""","=""3/2""",4,"=""""","=""82431.01""","=""""","=""0.07""","=""""","=""  55  5s2.5p4.(3P<1>).7p 2[1]*       :    32  5s2.5p4.(3P<2>).11p 2[1]* ""","=""L13998,u56"""
"=""5s2.5p4.(3P<2>).10d""","=""2[3]""","=""7/2""",8,"=""""","=""82289.34""","=""""","=""0.05""","=""""","=""  60                                 :    16  5s2.5p4.(3P<1>).6d  2[3]  ""","=""L13998,u56"""
"=""5s2.5p4.(3P<2>).11p""","=""2[3]*""","=""5/2""",6,"=""""","=""82344.17""","=""?""","=""0.05""","=""""","=""  67                                 :    20  5s2.5p4.(3P<2>).11p 2[2]* ""","=""L13998,u56"""
"=""5s2.5p4.(3P<2>).11p""","=""2[3]*""","=""7/2""",8,"=""""","=""82345.09""","=""""","=""0.06""","=""""","=""  90                                 :    10  5s2.5p4.(1D<2>).11p 2[3]* ""","=""L13998,u56"""
"=""5s2.5p4.(3P<2>).10d""","=""2[4]""","=""9/2""",10,"=""""","=""82385.26""","=""""","=""0.07""","=""""","=""  90                                 :     9  5s2.5p4.(1D<2>).10d 2[4]  ""","=""L13998,u56"""
"=""5s2.5p4.(3P<2>).10d""","=""2[4]""","=""7/2""",8,"=""""","=""82394.98""","=""""","=""0.06""","=""""","=""  84                                 :     9  5s2.5p4.(1D<2>).10d 2[4]  ""","=""L13998,u56"""
"=""5s2.5p4.(3P<0>).6d""","=""2[2]""","=""5/2""",6,"=""""","=""82397.325""","=""""","=""0.028""","=""""","=""  49  5s2.5p4.(3P<2>).10d 2[2]       :    28  5s2.5p4.(3P<2>).10d 2[3]  ""","=""L13998,u56"""
"=""5s2.5p4.(3P<0>).6d""","=""2[2]""","=""3/2""",4,"=""""","=""82426.508""","=""""","=""0.019""","=""""","=""  58  5s2.5p4.(3P<2>).10d 2[2]       :    14  5s2.5p4.(3P<0>).6d  2[2]  ""","=""L13998,u56"""
"=""5s2.5p4.(3P<1>).7p""","=""2[1]*""","=""3/2""",4,"=""""","=""82423.916""","=""""","=""0.005""","=""1.27""","=""  38  5s2.5p4.(3P<2>).11p 2[2]*      :    21  5s2.5p4.(3P<1>).7p  2[2]* ""","=""L13998,L368,u56"""
"=""5s2.5p4.(3P<1>).7p""","=""2[1]*""","=""1/2""",2,"=""""","=""82615.505""","=""""","=""0.003""","=""""","=""  49                                 :    30  5s2.5p4.(3P<1>).7p  2[0]* ""","=""L13998,u56"""
"=""5s2.5p4.(3P<1>).6d""","=""2[3]""","=""5/2""",6,"=""""","=""82491.59""","=""""","=""0.04""","=""""","=""  25  5s2.5p4.(3P<2>).10d 2[3]       :    38  5s2.5p4.(3P<1>).6d  2[3]  ""","=""L13998,u56"""
"=""5s2.5p4.(3P<1>).6d""","=""2[2]""","=""3/2""",4,"=""""","=""82496.05""","=""""","=""0.03""","=""""","=""  58  5s2.5p4.(3P<2>).10d 2[1]       :    14  5s2.5p4.(3P<1>).6d  2[2]  ""","=""L13998,u56"""
"=""5s2.5p4.(3P<1>).6d""","=""2[2]""","=""5/2""",6,"=""""","=""82792.608""","=""""","=""0.025""","=""""","=""  64  5s2.5p4.(3P<2>).11d 2[3]       :    13  5s2.5p4.(3P<1>).6d  2[2]  ""","=""L13998,u56"""
"=""5s2.5p4.(3P<2>).8f""","=""2[4]*""","=""9/2""",10,"=""""","=""82559.14""","=""""","=""0.05""","=""""","=""  90                                 :    10  5s2.5p4.(1D<2>).8f  2[4]* ""","=""L13998,u56"""
"=""5s2.5p4.(3P<2>).8f""","=""2[4]*""","=""7/2""",8,"=""""","=""82559.907""","=""""","=""0.014""","=""""","=""  57                                 :    34  5s2.5p4.(3P<2>).8f  2[3]* ""","=""L13998,u56"""
"=""5s2.5p4.(3P<2>).8f""","=""2[3]*""","=""5/2""",6,"=""""","=""82561.202""","=""""","=""0.007""","=""""","=""  87                                 :     9  5s2.5p4.(1D<2>).8f  2[3]* ""","=""L13998,u56"""
"=""5s2.5p4.(3P<2>).8f""","=""2[5]*""","=""11/2""",12,"=""""","=""82566.60""","=""""","=""0.06""","=""""","=""  90                                 :    10  5s2.5p4.(1D<2>).8f  2[5]* ""","=""L13998,u56"""
"=""5s2.5p4.(3P<2>).8f""","=""2[5]*""","=""9/2""",10,"=""""","=""82566.76""","=""""","=""0.05""","=""""","=""  90                                 :    10  5s2.5p4.(1D<2>).8f  2[5]* ""","=""L13998,u56"""
"=""5s2.5p4.(3P<2>).8f""","=""2[2]*""","=""3/2""",4,"=""""","=""82567.32""","=""""","=""0.05""","=""""","=""  88                                 :    10  5s2.5p4.(1D<2>).8f  2[2]* ""","=""L13998,u56"""
"=""5s2.5p4.(3P<2>).8f""","=""2[2]*""","=""5/2""",6,"=""""","=""82568.690""","=""""","=""0.014""","=""""","=""  87                                 :     9  5s2.5p4.(1D<2>).8f  2[2]* ""","=""L13998,u56"""
"=""5s2.5p4.(3P<2>).8f""","=""2[1]*""","=""3/2""",4,"=""""","=""82571.378""","=""""","=""0.027""","=""""","=""  88                                 :    10  5s2.5p4.(1D<2>).8f  2[1]* ""","=""L13998,u56"""
"=""5s2.5p4.(3P<2>).12s""","=""2[2]""","=""5/2""",6,"=""""","=""82584.39""","=""""","=""0.05""","=""""","=""  61                                 :    12  5s2.5p4.(1D<2>).5d  2[3]  ""","=""L13998,u56"""
"=""5s2.5p4.(3P<2>).12s""","=""2[2]""","=""3/2""",4,"=""""","=""82608.72""","=""""","=""0.04""","=""""","=""  86                                 :     9  5s2.5p4.(1D<2>).12s 2[2]  ""","=""L13998,u56"""
"=""5s2.5p4.nd""","=""C""","=""5/2, 3/2 or 1/2""",6,"=""""","=""82641.05""","=""""","=""0.04""","=""""","=""                                                                        ""","=""L13998,u56"""
"=""5s2.5p4.(3P<2>).12p""","=""2[3]*""","=""7/2""",8,"=""""","=""82772.1""","=""?""","=""0.3""","=""""","=""  90                                 :    10  5s2.5p4.(1D<2>).12p 2[3]* ""","=""L13998,u56"""
"=""5s2.5p4.(3P<2>).11d""","=""2[4]""","=""9/2""",10,"=""""","=""82804.60""","=""""","=""0.18""","=""""","=""  90                                 :     9  5s2.5p4.(1D<2>).11d 2[4]  ""","=""L13998,u56"""
"=""5s2.5p4.(3P<2>).11d""","=""2[4]""","=""7/2""",8,"=""""","=""82812.25""","=""""","=""0.16""","=""""","=""  76                                 :     8  5s2.5p4.(1D<2>).11d 2[4]  ""","=""L13998,u56"""
"=""5s2.5p4.(3P<2>).9f""","=""2[4]*""","=""9/2""",10,"=""""","=""82925.04""","=""""","=""0.07""","=""""","=""  90                                 :    10  5s2.5p4.(1D<2>).9f  2[4]* ""","=""L13998,u56"""
"=""5s2.5p4.(3P<2>).9f""","=""2[4]*""","=""7/2""",8,"=""""","=""82925.57""","=""""","=""0.06""","=""""","=""  53                                 :    37  5s2.5p4.(3P<2>).9f  2[3]* ""","=""L13998,u56"""
"=""5s2.5p4.(3P<2>).9f""","=""2[3]*""","=""5/2""",6,"=""""","=""82926.318""","=""""","=""0.007""","=""""","=""  87                                 :     9  5s2.5p4.(1D<2>).9f  2[3]* ""","=""L13998,u56"""
"=""5s2.5p4.(3P<2>).9f""","=""2[2]*""","=""3/2""",4,"=""""","=""82930.25""","=""""","=""0.06""","=""""","=""  89                                 :    10  5s2.5p4.(1D<2>).9f  2[2]* ""","=""L13998,u56"""
"=""5s2.5p4.(3P<2>).9f""","=""2[5]*""","=""11/2""",12,"=""""","=""82930.38""","=""""","=""0.13""","=""""","=""  90                                 :    10  5s2.5p4.(1D<2>).9f  2[5]* ""","=""L13998,u56"""
"=""5s2.5p4.(3P<2>).9f""","=""2[5]*""","=""9/2""",10,"=""""","=""82930.54""","=""""","=""0.06""","=""""","=""  90                                 :    10  5s2.5p4.(1D<2>).9f  2[5]* ""","=""L13998,u56"""
"=""5s2.5p4.(3P<2>).9f""","=""2[1]*""","=""3/2""",4,"=""""","=""82934.53""","=""""","=""0.11""","=""""","=""  89                                 :    10  5s2.5p4.(1D<2>).9f  2[1]* ""","=""L13998,u56"""
"=""5s2.5p4.(3P<2>).12d""","=""2[4]""","=""9/2""",10,"=""""","=""83099.68""","=""?""","=""0.08""","=""""","=""  90                                 :     9  5s2.5p4.(1D<2>).12d 2[4]  ""","=""L13998,u56"""
"=""5s2.5p4.(3P<2>).12d""","=""2[4]""","=""7/2""",8,"=""""","=""83101.35""","=""""","=""0.08""","=""""","=""  67                                 :    11  5s2.5p4.(1D<2>).5d  2[3]  ""","=""L13998,u56"""
"=""5s2.5p4.(3P<2>).10f""","=""2[4]*""","=""9/2""",10,"=""""","=""83186.46""","=""""","=""0.08""","=""""","=""  90                                 :    10  5s2.5p4.(1D<2>).10f 2[4]* ""","=""L13998,u56"""
"=""5s2.5p4.(3P<2>).10f""","=""2[4]*""","=""7/2""",8,"=""""","=""83186.73""","=""""","=""0.08""","=""""","=""  49                                 :    41  5s2.5p4.(3P<2>).10f 2[3]* ""","=""L13998,u56"""
"=""5s2.5p4.(3P<2>).10f""","=""2[5]*""","=""11/2""",12,"=""""","=""83190.38""","=""""","=""0.10""","=""""","=""  90                                 :    10  5s2.5p4.(1D<2>).10f 2[5]* ""","=""L13998,u56"""
"=""5s2.5p4.(3P<2>).10f""","=""2[5]*""","=""9/2""",10,"=""""","=""83190.43""","=""""","=""0.06""","=""""","=""  90                                 :    10  5s2.5p4.(1D<2>).10f 2[5]* ""","=""L13998,u56"""
"=""5s2.5p4.(3P<2>).13d""","=""2[4]""","=""9/2""",10,"=""""","=""83314.96""","=""""","=""0.08""","=""""","=""  90                                 :     9  5s2.5p4.(1D<2>).13d 2[4]  ""","=""L13998,u56"""
"=""5s2.5p4.(3P<2>).11f""","=""2[4]*""","=""9/2""",10,"=""""","=""83379.54""","=""""","=""0.13""","=""""","=""  90                                 :    10  5s2.5p4.(1D<2>).11f 2[4]* ""","=""L13998,u56"""
"=""5s2.5p4.(3P<2>).11f""","=""2[5]*""","=""11/2""",12,"=""""","=""83382.50""","=""""","=""0.11""","=""""","=""  90                                 :    10  5s2.5p4.(1D<2>).11f 2[5]* ""","=""L13998,u56"""
"=""5s2.5p4.(3P<2>).11f""","=""2[5]*""","=""9/2""",10,"=""""","=""83382.61""","=""""","=""0.10""","=""""","=""  90                                 :    10  5s2.5p4.(1D<2>).11f 2[5]* ""","=""L13998,u56"""
"=""5s2.5p4.(3P<2>).12f""","=""2[5]*""","=""11/2""",12,"=""""","=""83528.53""","=""""","=""0.11""","=""""","=""  90                                 :    10  5s2.5p4.(1D<2>).12f 2[5]* ""","=""L13998,u56"""
"=""I II (5s2.5p4 3P<2>)""","=""Limit""","=""---""",,"=""""","=""84294.9""","=""""","=""0.2""","=""""","=""                                                                        ""","=""L13998,L22518"""
"=""5s2.5p4.(3P<0>).5g""","=""2[4]""","=""9/2,7/2""",18,"=""[""","=""86400""","=""]""","=""50""","=""""","=""  85                                 :    15  5s2.5p4.(1S<0>).5g  2[4]  ""","=""L821,u56"""
"=""5s2.5p4.(3P<1>).5g""","=""2[3]""","=""7/2,5/2""",14,"=""[""","=""86880""","=""]""","=""50""","=""""","="" 100                                                                    ""","=""L821,u56"""
"=""5s2.5p4.(3P<1>).5g""","=""2[5]""","=""11/2,9/2""",22,"=""[""","=""86890""","=""]""","=""50""","=""""","="" 100                                                                    ""","=""L821,u56"""
"=""5s2.5p4.(3P<1>).5g""","=""2[4]""","=""9/2,7/2""",18,"=""[""","=""86900""","=""]""","=""50""","=""""","="" 100                                                                    ""","=""L821,u56"""
"=""I II (5s2.5p4 3P<0>)""","=""Limit""","=""---""",,"=""""","=""90742.8""","=""""","=""0.2""","=""""","=""                                                                        ""","=""L13998,L22518"""
"=""I II (5s2.5p4 3P<1>)""","=""Limit""","=""---""",,"=""""","=""91381.9""","=""""","=""0.2""","=""""","=""                                                                        ""","=""L13998,L22518"""
"=""I II (5s2.5p4 1D<2>)""","=""Limit""","=""---""",,"=""""","=""98022.1""","=""""","=""0.2""","=""""","=""                                                                        ""","=""L13998,L22518"""
"=""I II (5s2.5p4 1S<0>)""","=""Limit""","=""---""",,"=""""","=""113796.2""","=""""","=""0.2""","=""""","=""                                                                        ""","=""L13998,L22518"""
